,District Number,District Name,School Number,School Name,2018 EBRW Mean SAT,2018 Math Mean SAT,2018 Overall Mean Score SAT,2017 EBRW Mean PSAT10,2017 Math Mean PSAT10,2017 Overall Mean Score PSAT10,Zip Code,Median Family Income,Population
0,0010,mapleton 1,0187,mapleton expeditionary school of the arts,472,467,939,412,430,842,80299,,
1,0010,mapleton 1,0212,mapleton early college high school,464,441,905,409,409,818,80229,54249.0,51224.0
2,0010,mapleton 1,0263,global leadership academy,443,438,880,410,404,814,80221,51699.0,40341.0
3,0010,mapleton 1,0309,academy high school,452,434,886,411,417,828,80229,54249.0,51224.0
4,0010,mapleton 1,0503,york international,495,477,972,466,444,910,80229,54249.0,51224.0
5,0010,mapleton 1,1796,colorado connections academy,500,462,962,466,441,907,80112,96200.0,30342.0
6,0020,adams 12 five star schools,0210,vantage point,403,383,786,386,393,779,80234,76996.0,26289.0
7,0020,adams 12 five star schools,4108,horizon high school,514,520,1033,477,481,958,80601,68153.0,35764.0
8,0020,adams 12 five star schools,5043,legacy high school,552,552,1103,510,514,1025,80020,91801.0,49118.0
9,0020,adams 12 five star schools,5816,thornton high school,443,428,871,416,416,832,80229,54249.0,51224.0
10,0020,adams 12 five star schools,6060,mountain range high school,512,490,1001,476,457,934,80234,76996.0,26289.0
11,0020,adams 12 five star schools,6402,northglenn high school,464,459,924,434,442,877,80221,51699.0,40341.0
12,0020,adams 12 five star schools,6802,prospect ridge academy,588,568,1156,536,522,1058,80023,126327.0,17186.0
13,0030,adams county 14,0022,lester r arnold high school,403,382,785,365,385,750,80022,61075.0,45663.0
14,0030,adams county 14,0024,adams city high school,441,430,871,406,413,820,80022,61075.0,45663.0
15,0040,school district 27j,1021,brighton heritage academy,400,389,789,378,398,776,80601,68153.0,35764.0
16,0040,school district 27j,1022,brighton high school,478,475,952,450,447,897,80601,68153.0,35764.0
17,0040,school district 27j,2399,eagle ridge academy,530,532,1062,494,478,973,80601,68153.0,35764.0
18,0040,school district 27j,7129,prairie view high school,463,465,929,441,436,876,80640,79167.0,11692.0
19,0050,bennett 29j,0775,bennett high school,484,456,940,452,442,894,80102,73732.0,5136.0
20,0060,strasburg 31j,8334,strasburg high school,503,471,974,463,445,908,80136,81620.0,5074.0
21,0070,westminster public schools,3931,hidden lake high school,415,394,809,398,400,798,80030,50744.0,16045.0
22,0070,westminster public schools,9466,westminster high school,443,425,868,406,410,817,80030,50744.0,16045.0
23,0100,alamosa re-11j,0118,alamosa high school,509,496,1005,463,460,923,81101,46353.0,15330.0
24,0110,sangre de cristo re-22j,7630,sangre de cristo undivided high school,467,460,927,448,436,884,81146,48828.0,652.0
25,0120,englewood 1,0206,colorado's finest high school of choice,476,461,936,430,427,857,80110,51846.0,21457.0
26,0120,englewood 1,2746,englewood high school,486,461,947,448,430,878,80113,77071.0,21165.0
27,0123,sheridan 2,7842,sheridan high school,451,437,888,413,419,832,80110,51846.0,21457.0
28,0130,cherry creek 5,1551,cherokee trail high school,552,539,1091,511,492,1003,80016,113784.0,45795.0
29,0130,cherry creek 5,1570,cherry creek high school,599,611,1210,558,562,1119,80111,118911.0,30537.0
30,0130,cherry creek 5,2357,eaglecrest high school,520,508,1027,484,474,959,80015,92390.0,64819.0
31,0130,cherry creek 5,3589,grandview high school,566,559,1124,526,517,1042,80016,113784.0,45795.0
32,0130,cherry creek 5,6625,overland high school,480,482,961,450,445,895,80012,49744.0,48382.0
33,0130,cherry creek 5,8020,smoky hill high school,520,508,1028,486,474,960,80015,92390.0,64819.0
34,0140,littleton 6,0298,arapahoe high school,569,568,1138,528,520,1049,80122,97581.0,31230.0
35,0140,littleton 6,3930,heritage high school,560,553,1113,521,510,1031,80120,77221.0,29957.0
36,0140,littleton 6,5224,littleton high school,534,518,1052,499,482,981,80121,106128.0,18616.0
37,0180,adams-arapahoe 28j,1458,aurora central high school,421,409,830,382,389,772,80010,37081.0,43999.0
38,0180,adams-arapahoe 28j,3354,gateway high school,438,417,854,415,410,825,80012,49744.0,48382.0
39,0180,adams-arapahoe 28j,4024,hinkley high school,443,438,881,416,426,843,80011,43118.0,47287.0
40,0180,adams-arapahoe 28j,5298,lotus school for excellence,513,534,1047,457,447,904,80012,49744.0,48382.0
41,0180,adams-arapahoe 28j,7250,rangeview high school,480,480,960,450,441,891,80013,75231.0,71619.0
42,0180,adams-arapahoe 28j,8356,william smith high school,457,429,886,425,423,848,80011,43118.0,47287.0
43,0180,adams-arapahoe 28j,9125,vista peak 9-12 preparatory,477,478,956,439,438,877,80018,101593.0,10512.0
44,0180,adams-arapahoe 28j,9189,vanguard classical school - east,482,462,944,452,428,880,80017,55864.0,33978.0
45,0180,adams-arapahoe 28j,9396,aurora west college preparatory academy,466,462,928,433,432,864,80010,37081.0,43999.0
46,0190,byers 32j,1176,byers junior-senior high school,497,462,959,453,430,883,80103,65278.0,2682.0
47,0190,byers 32j,1752,colorado virtual academy (cova),516,469,985,508,460,969,80228,86572.0,31455.0
48,0220,archuleta county 50 jt,6658,pagosa springs high school,507,487,994,476,451,927,81147,59750.0,11593.0
49,0290,las animas re-1,0443,aim global,428,408,837,423,413,836,81004,39455.0,25705.0
50,0290,las animas re-1,4990,las animas high school,448,407,855,422,405,827,81054,40804.0,4666.0
51,0310,mc clave re-2,5670,mc clave undivided high school,467,458,925,457,472,929,81057,49615.0,442.0
52,0470,st vrain valley re 1j,2761,erie high school,553,531,1084,511,491,1002,80516,112137.0,21987.0
53,0470,st vrain valley re 1j,3196,frederick senior high school,497,458,954,457,439,896,80504,85827.0,48431.0
54,0470,st vrain valley re 1j,5282,longmont high school,505,487,992,474,455,930,80501,52986.0,41201.0
55,0470,st vrain valley re 1j,5368,lyons middle/senior high school,554,538,1092,529,502,1031,80540,101090.0,4888.0
56,0470,st vrain valley re 1j,5722,mead high school,523,512,1035,492,471,963,80504,85827.0,48431.0
57,0470,st vrain valley re 1j,6276,niwot high school,579,557,1136,528,506,1034,80503,100833.0,32657.0
58,0470,st vrain valley re 1j,6498,olde columbine high school,427,392,820,395,404,799,80501,52986.0,41201.0
59,0470,st vrain valley re 1j,7789,silver creek high school,564,544,1108,517,498,1015,80503,100833.0,32657.0
60,0470,st vrain valley re 1j,7954,skyline high school,487,475,962,454,447,902,80504,85827.0,48431.0
61,0470,st vrain valley re 1j,8927,twin peaks charter academy,529,517,1046,476,470,946,80501,52986.0,41201.0
62,0480,boulder valley re 2,0924,boulder high school,580,559,1140,544,525,1068,80302,111399.0,28003.0
63,0480,boulder valley re 2,1070,broomfield high school,538,537,1075,502,492,994,80020,91801.0,49118.0
64,0480,boulder valley re 2,1380,centaurus high school,559,553,1112,529,515,1044,80026,86082.0,27389.0
65,0480,boulder valley re 2,2892,fairview high school,611,612,1222,571,565,1136,80305,126058.0,17401.0
66,0480,boulder valley re 2,5999,monarch high school,577,564,1140,533,520,1052,80027,119674.0,31946.0
67,0480,boulder valley re 2,6195,new vista high school,564,504,1068,512,468,980,80302,111399.0,28003.0
68,0480,boulder valley re 2,6212,nederland middle-senior high school,521,508,1029,498,491,989,80466,94674.0,3269.0
69,0480,boulder valley re 2,6816,peak to peak charter school,631,618,1249,590,565,1155,80026,86082.0,27389.0
70,0490,buena vista r-31,1130,buena vista high school,519,495,1013,488,465,953,81211,56250.0,7364.0
71,0500,salida r-32,7568,salida high school,541,521,1062,520,489,1009,81201,56779.0,8888.0
72,0540,clear creek re-1,4216,clear creek high school,544,525,1068,480,464,944,80439,117369.0,23746.0
73,0550,north conejos re-1j,1378,centauri high school,503,511,1015,483,470,953,81140,57308.0,2718.0
74,0560,sanford 6j,7616,sanford junior/senior high school,541,497,1038,489,472,961,81151,54821.0,1362.0
75,0770,crowley county re-1-j,2058,crowley county junior and senior high school,490,478,968,456,447,903,81063,41875.0,2478.0
76,0860,custer county school district c-1,2092,custer county high school,507,498,1005,475,446,921,81252,38542.0,3756.0
77,0870,delta county 50(j),1372,cedaredge high school,527,500,1027,499,481,980,81413,46949.0,5016.0
78,0870,delta county 50(j),2164,delta high school,497,483,980,454,461,915,81416,53020.0,13787.0
79,0870,delta county 50(j),2166,vision charter academy,470,447,917,457,432,889,81416,53020.0,13787.0
80,0870,delta county 50(j),4128,hotchkiss high school,501,468,969,467,449,916,81419,57188.0,3789.0
81,0870,delta county 50(j),6708,paonia high school,545,514,1059,494,454,948,,,
82,0880,denver county 1,0010,abraham lincoln high school,427,433,860,391,417,808,80219,41218.0,65449.0
83,0880,denver county 1,0040,ridge view academy charter school,429,412,841,390,389,778,80137,106250.0,1153.0
84,0880,denver county 1,1295,collegiate preparatory academy,439,438,876,403,407,810,80239,45593.0,43211.0
85,0880,denver county 1,1319,career education center early college,460,462,922,440,427,866,80211,75067.0,32797.0
86,0880,denver county 1,1489,compassion road academy,478,431,908,408,405,813,80204,37418.0,31133.0
87,0880,denver county 1,2145,dsst: green valley ranch high school,541,570,1111,484,499,983,80249,72969.0,27505.0
88,0880,denver county 1,2175,dsst: cole high school,518,529,1047,501,501,1002,80205,51140.0,30956.0
89,0880,denver county 1,2183,denver center for international studies,550,517,1067,506,474,980,80204,37418.0,31133.0
90,0880,denver county 1,2184,denver school of the arts,617,583,1200,578,532,1110,80220,90430.0,36162.0
91,0880,denver county 1,2185,dsst: stapleton high school,571,593,1164,530,537,1067,80238,155777.0,11965.0
92,0880,denver county 1,2209,dcis at montbello,436,451,888,392,422,814,80239,45593.0,43211.0
93,0880,denver county 1,2398,east high school,561,546,1107,515,498,1013,80206,129514.0,21295.0
94,0880,denver county 1,2755,venture prep high school,466,428,894,430,418,848,,,
95,0880,denver county 1,2757,high tech early college,446,447,893,409,419,827,80239,45593.0,43211.0
96,0880,denver county 1,3378,george washington high school,520,507,1027,471,464,936,80224,68884.0,17454.0
97,0880,denver county 1,3540,girls athletic leadership school high school,508,481,989,466,437,903,80204,37418.0,31133.0
98,0880,denver county 1,4444,john f kennedy high school,455,444,899,425,429,854,80227,69170.0,34139.0
99,0880,denver county 1,4494,denver justice high school,403,399,803,377,380,757,80203,76394.0,20214.0
100,0880,denver county 1,4730,kipp denver collegiate high school,472,474,945,457,436,893,80223,42351.0,17912.0
101,0880,denver county 1,4795,kunsmiller creative arts academy,461,420,882,447,416,863,80219,41218.0,65449.0
102,0880,denver county 1,5448,manual high school,438,433,871,421,411,832,80205,51140.0,30956.0
103,0880,denver county 1,5605,dr. martin luther king jr. early college,434,430,865,389,413,802,80249,72969.0,27505.0
104,0880,denver county 1,5844,contemporary learning academy,393,390,782,386,384,770,80203,76394.0,20214.0
105,0880,denver county 1,6239,noel community arts school,424,419,843,402,414,817,80239,45593.0,43211.0
106,0880,denver county 1,6314,north high school,468,452,920,408,411,819,80211,75067.0,32797.0
107,0880,denver county 1,6350,bruce randolph school,453,438,891,405,407,812,80205,51140.0,30956.0
108,0880,denver county 1,6509,denver online high school,535,499,1035,489,466,955,80211,75067.0,32797.0
109,0880,denver county 1,8086,south high school,493,483,977,452,446,899,80210,102043.0,35974.0
110,0880,denver county 1,8132,southwest early college,480,480,960,445,441,887,,,
111,0880,denver county 1,8145,summit academy,404,403,807,372,385,757,80227,69170.0,34139.0
112,0880,denver county 1,8347,strive prep - excel,460,459,920,408,428,836,,,
113,0880,denver county 1,8822,thomas jefferson high school,525,516,1042,480,474,954,80237,96190.0,18445.0
114,0880,denver county 1,8995,vista academy,416,413,829,386,395,780,80249,72969.0,27505.0
115,0880,denver county 1,9639,strive prep - smart academy,458,469,926,423,434,858,80219,41218.0,65449.0
116,0880,denver county 1,9693,west early college,442,451,894,413,418,831,80204,37418.0,31133.0
117,0880,denver county 1,9702,west leadership academy,418,432,850,401,409,810,80204,37418.0,31133.0
118,0900,douglas county re 1,1367,castle view high school,534,517,1051,500,485,985,80109,116023.0,18986.0
119,0900,douglas county re 1,1503,chaparral high school,543,546,1090,504,500,1004,80138,114291.0,30693.0
120,0900,douglas county re 1,2230,douglas county high school,527,529,1056,493,488,980,80104,91548.0,28558.0
121,0900,douglas county re 1,3980,highlands ranch high school,547,551,1098,502,501,1003,80130,117202.0,28764.0
122,0900,douglas county re 1,3995,hope online learning academy high school,425,400,825,401,402,803,80112,96200.0,30342.0
123,0900,douglas county re 1,4271,legend high school,536,521,1057,496,480,975,80138,114291.0,30693.0
124,0900,douglas county re 1,5259,stem school highlands ranch,622,610,1232,573,563,1136,80129,115027.0,28112.0
125,0900,douglas county re 1,6165,mountain vista high school,570,565,1135,525,517,1042,80126,126979.0,41667.0
126,0900,douglas county re 1,6365,skyview academy,573,576,1149,521,514,1035,80124,116382.0,19276.0
127,0900,douglas county re 1,7118,ponderosa high school,529,528,1058,497,486,982,80134,112653.0,58232.0
128,0900,douglas county re 1,7435,rock canyon high school,585,570,1155,539,522,1061,80124,116382.0,19276.0
129,0900,douglas county re 1,8847,thunderridge high school,554,563,1117,507,504,1011,80129,115027.0,28112.0
130,0910,eagle county re 50,0604,battle mountain high school,504,487,991,466,456,922,81620,69788.0,10767.0
131,0910,eagle county re 50,2350,eagle valley high school,506,493,999,469,461,929,81637,91049.0,8009.0
132,0910,eagle county re 50,9061,vail ski and snowboard academy (vssa),642,597,1239,553,536,1088,81645,83438.0,1154.0
133,0920,elizabeth c-1,2608,elizabeth high school,508,495,1002,480,462,943,80107,91141.0,12575.0
134,0940,big sandy 100j,7922,simla high school,506,500,1006,462,467,929,80835,70337.0,843.0
135,0970,calhan rj-1,1218,calhan high school,484,453,938,451,416,867,80808,66690.0,6053.0
136,0980,harrison 2,0469,atlas preparatory high school,489,464,953,464,424,888,80916,44775.0,38632.0
137,0980,harrison 2,3806,harrison high school,482,466,948,456,437,893,80906,76185.0,36846.0
138,0980,harrison 2,4378,james irwin charter high school,547,544,1091,519,504,1023,80916,44775.0,38632.0
139,0980,harrison 2,7882,sierra high school,464,445,909,437,415,852,80916,44775.0,38632.0
140,0990,widefield 3,5841,mesa ridge high school,489,484,973,459,457,916,80911,62236.0,31912.0
141,0990,widefield 3,9566,widefield high school,479,477,955,453,451,903,80911,62236.0,31912.0
142,1000,fountain 8,0203,welte education center,433,391,824,402,392,794,80817,65877.0,28157.0
143,1000,fountain 8,3110,fountain-fort carson high school,500,485,984,461,449,910,80817,65877.0,28157.0
144,1010,colorado springs 11,0269,achieve online,497,429,926,453,416,869,80909,47403.0,37199.0
145,1010,colorado springs 11,0871,the bijou school,438,411,849,405,404,809,80909,47403.0,37199.0
146,1010,colorado springs 11,1616,civa charter academy,538,517,1055,499,470,968,80918,73300.0,48407.0
147,1010,colorado springs 11,1870,coronado high school,524,501,1025,486,466,952,80904,60413.0,19884.0
148,1010,colorado springs 11,1885,community prep charter school,452,406,858,397,385,782,80903,49496.0,15166.0
149,1010,colorado springs 11,2202,doherty high school,503,502,1005,480,470,949,80917,61831.0,30862.0
150,1010,colorado springs 11,2528,nikola tesla education opportunity center,405,391,795,376,384,760,80909,47403.0,37199.0
151,1010,colorado springs 11,5948,mitchell high school,445,425,870,419,413,831,80909,47403.0,37199.0
152,1010,colorado springs 11,6680,palmer high school,510,495,1005,470,451,921,80903,49496.0,15166.0
153,1020,cheyenne mountain 12,1590,cheyenne mountain high school,582,585,1167,533,539,1072,80906,76185.0,36846.0
154,1020,cheyenne mountain 12,9057,the vanguard school (high),628,615,1243,582,556,1137,80906,76185.0,36846.0
155,1030,manitou springs 14,5468,manitou springs high school,560,518,1078,488,482,971,80829,92309.0,5717.0
156,1040,academy 20,0076,air academy high school,549,542,1091,522,507,1029,80840,68454.0,6046.0
157,1040,academy 20,0110,academy online,527,473,1000,492,458,950,80924,118620.0,5975.0
158,1040,academy 20,0209,aspen valley campus,495,448,943,484,443,927,80920,104840.0,38320.0
159,1040,academy 20,1630,the classical academy high school,593,575,1167,546,530,1077,80921,121412.0,19673.0
160,1040,academy 20,2195,discovery canyon campus high school,561,554,1115,528,519,1046,80921,121412.0,19673.0
161,1040,academy 20,5126,liberty high school,535,517,1052,495,481,976,80920,104840.0,38320.0
162,1040,academy 20,6937,pine creek high school,566,546,1112,521,503,1024,80908,111220.0,13924.0
163,1040,academy 20,7240,rampart high school,546,541,1087,506,501,1006,80920,104840.0,38320.0
164,1040,academy 20,8779,tca college pathways,600,570,1169,558,515,1073,80921,121412.0,19673.0
165,1050,ellicott 22,2642,ellicott senior high school,449,443,893,425,431,856,80808,66690.0,6053.0
166,1060,peyton 23 jt,6902,peyton senior high school,488,471,959,455,438,893,80831,82396.0,24009.0
167,1080,lewis-palmer 38,5100,lewis-palmer high school,550,542,1092,517,503,1020,80132,116314.0,20221.0
168,1080,lewis-palmer 38,6678,palmer ridge high school,574,568,1141,533,523,1056,80132,116314.0,20221.0
169,1110,falcon 49,2877,springs studio for academic excellence,525,482,1007,479,442,921,80915,59594.0,20237.0
170,1110,falcon 49,2908,falcon high school,500,471,971,473,451,925,80831,82396.0,24009.0
171,1110,falcon 49,3475,goal academy,432,400,832,413,397,810,81003,39597.0,15709.0
172,1110,falcon 49,6810,patriot high school,403,400,803,408,377,785,80831,82396.0,24009.0
173,1110,falcon 49,7613,sand creek high school,494,465,959,464,437,901,80922,82892.0,26905.0
174,1110,falcon 49,8791,vista ridge high school,507,483,990,465,446,912,80923,83380.0,28292.0
175,1130,miami/yoder 60 jt,5854,miami-yoder middle/high school,468,448,916,454,440,894,80833,57750.0,527.0
176,1140,canon city re-1,1266,canon city high school,490,464,954,461,442,903,81212,49816.0,30211.0
177,1150,fremont re-2,3002,florence high school,475,457,932,439,426,865,81226,50732.0,9090.0
178,1180,roaring fork re-1,0570,basalt high school,492,514,1006,447,473,921,81621,71379.0,6564.0
179,1180,roaring fork re-1,3468,glenwood springs high school,509,506,1015,476,477,952,81601,76737.0,16368.0
180,1180,roaring fork re-1,7422,roaring fork high school,502,485,987,454,463,917,81623,83068.0,14530.0
181,1195,garfield re-2,0065,coal ridge high school,504,499,1003,476,457,934,81647,80161.0,6961.0
182,1195,garfield re-2,7360,rifle high school,471,460,930,441,422,863,81650,57333.0,13431.0
183,1220,garfield 16,3586,grand valley high school,465,463,928,425,426,852,81635,72404.0,6409.0
184,1330,gilpin county re-1,1634,gilpin county undivided high school,507,500,1008,481,473,955,80403,115610.0,18345.0
185,1340,west grand 1-jt,9420,west grand high school,485,468,954,441,450,891,80459,65260.0,2651.0
186,1350,east grand 2,5864,middle park high school,530,515,1045,476,469,946,80446,70156.0,3604.0
187,1360,gunnison watershed re1j,2006,crested butte secondary school,567,567,1134,533,519,1051,81224,87745.0,3677.0
188,1360,gunnison watershed re1j,3694,gunnison high school,510,500,1011,483,466,949,81230,63895.0,9235.0
189,1390,huerfano re-1,9212,john mall high school,471,443,915,408,412,821,81089,42500.0,4399.0
190,1420,jefferson county r-1,0033,mc lain high school,423,401,824,398,386,783,80228,86572.0,31455.0
191,1420,jefferson county r-1,0108,alameda international junior/senior high school,435,420,855,411,409,819,80232,71457.0,21642.0
192,1420,jefferson county r-1,0370,arvada high school,450,433,883,416,422,838,80004,81927.0,36680.0
193,1420,jefferson county r-1,0378,arvada west high school,528,518,1046,489,481,970,80004,81927.0,36680.0
194,1420,jefferson county r-1,0664,bear creek high school,514,510,1024,473,467,940,80227,69170.0,34139.0
195,1420,jefferson county r-1,1451,addenbrooke classical academy,538,525,1062,499,484,983,80235,74250.0,7888.0
196,1420,jefferson county r-1,1522,chatfield high school,561,574,1135,516,523,1039,80127,113125.0,44570.0
197,1420,jefferson county r-1,1864,columbine high school,544,531,1075,515,497,1012,80123,90695.0,44795.0
198,1420,jefferson county r-1,1880,compass montessori - golden charter school,554,501,1055,496,452,948,80403,115610.0,18345.0
199,1420,jefferson county r-1,1886,conifer senior high school,562,549,1110,527,512,1040,80433,107674.0,8348.0
200,1420,jefferson county r-1,2093,dakota ridge senior high school,545,534,1079,502,490,992,80127,113125.0,44570.0
201,1420,jefferson county r-1,2120,d'evelyn junior/senior high school,645,652,1297,592,591,1183,80235,74250.0,7888.0
202,1420,jefferson county r-1,2836,evergreen high school,605,594,1200,540,534,1075,80439,117369.0,23746.0
203,1420,jefferson county r-1,3393,golden view classical academy,626,594,1220,555,528,1084,80401,97131.0,39336.0
204,1420,jefferson county r-1,3502,golden high school,553,547,1100,508,497,1005,80401,97131.0,39336.0
205,1420,jefferson county r-1,3628,green mountain high school,547,521,1067,484,471,955,80228,86572.0,31455.0
206,1420,jefferson county r-1,4408,jeffco's 21st century virtual academy,497,463,960,452,430,882,80401,97131.0,39336.0
207,1420,jefferson county r-1,4410,jefferson academy high school,594,574,1167,553,538,1091,80020,91801.0,49118.0
208,1420,jefferson county r-1,4422,jefferson junior/senior high school,435,414,849,403,397,800,80214,45779.0,25598.0
209,1420,jefferson county r-1,4942,lakewood high school,546,531,1077,510,496,1006,80215,76632.0,18231.0
210,1420,jefferson county r-1,6237,new america school,393,389,782,376,396,772,80226,66541.0,31616.0
211,1420,jefferson county r-1,6541,jefferson county open secondary,537,471,1008,503,452,955,80215,76632.0,18231.0
212,1420,jefferson county r-1,7114,pomona high school,497,489,987,459,454,914,80005,98163.0,27523.0
213,1420,jefferson county r-1,7239,ralston valley senior high school,572,579,1151,525,525,1050,80005,98163.0,27523.0
214,1420,jefferson county r-1,7701,collegiate academy of colorado,521,513,1033,463,480,943,80127,113125.0,44570.0
215,1420,jefferson county r-1,8209,standley lake high school,528,519,1048,487,479,966,80021,86713.0,30705.0
216,1420,jefferson county r-1,8793,two roads charter school,509,461,970,469,441,910,80003,66810.0,35797.0
217,1420,jefferson county r-1,9510,wheat ridge high school,516,498,1014,467,457,924,80033,62404.0,24838.0
218,1500,burlington re-6j,1152,burlington high school,470,448,918,447,449,897,80807,50409.0,5313.0
219,1510,lake county r-1,4904,lake county high school,449,444,893,409,426,835,80461,66467.0,7170.0
220,1520,durango 9-r,2318,durango high school,544,525,1068,505,478,983,81301,71818.0,29280.0
221,1530,bayfield 10 jt-r,0640,bayfield high school,504,511,1016,475,464,939,81122,70750.0,7909.0
222,1540,ignacio 11 jt,4258,ignacio high school,433,412,845,411,407,818,81137,66076.0,5704.0
223,1550,poudre r-1,0146,ridgeview classical charter schools,629,571,1200,580,517,1097,80525,85047.0,49259.0
224,1550,poudre r-1,3046,fort collins high school,548,531,1079,514,506,1020,80525,85047.0,49259.0
225,1550,poudre r-1,3105,fossil ridge high school,586,586,1172,544,539,1083,80528,97517.0,18576.0
226,1550,poudre r-1,3760,centennial high school,468,438,907,421,399,820,80524,75991.0,32068.0
227,1550,poudre r-1,5120,liberty common charter school,659,663,1322,598,594,1192,80525,85047.0,49259.0
228,1550,poudre r-1,7104,polaris expeditionary learning school,577,499,1075,500,469,969,80521,67276.0,35697.0
229,1550,poudre r-1,7124,poudre high school,524,513,1037,494,484,978,80521,67276.0,35697.0
230,1550,poudre r-1,7127,poudre community academy,422,392,814,393,399,792,80521,67276.0,35697.0
231,1550,poudre r-1,7470,rocky mountain high school,537,524,1060,500,497,997,80526,74902.0,45522.0
232,1560,thompson r2-j,0812,berthoud high school,547,533,1080,500,484,984,80513,94102.0,10660.0
233,1560,thompson r2-j,5235,loveland classical school,557,529,1086,489,480,969,80537,68224.0,40278.0
234,1560,thompson r2-j,5316,loveland high school,538,521,1058,503,477,980,80538,74007.0,45636.0
235,1560,thompson r2-j,6163,mountain view high school,503,477,980,474,449,923,80537,68224.0,40278.0
236,1560,thompson r2-j,8824,thompson valley high school,515,488,1003,479,471,951,80537,68224.0,40278.0
237,1570,estes park r-3,2794,estes park high school,520,483,1002,484,458,942,80517,69716.0,9133.0
238,1580,trinidad 1,8906,trinidad high school,477,448,925,442,434,877,81082,56074.0,12046.0
239,1600,hoehne reorganized 3,4048,hoehne schools,485,485,970,450,454,904,81046,,
240,1750,branson reorganized 82,0948,branson school online,522,474,996,490,448,938,81027,42500.0,120.0
241,1790,limon re-4j,5136,limon junior-senior high school,523,476,999,502,467,969,80828,61719.0,3645.0
242,1828,valley re-1,1224,caliche junior-senior high school,503,510,1012,493,477,970,80736,70250.0,576.0
243,1828,valley re-1,8260,sterling high school,479,490,969,453,449,902,80751,52584.0,18826.0
244,1860,buffalo re-4j,5806,merino junior senior high school,495,464,959,448,433,881,80741,58125.0,774.0
245,1990,plateau valley 50,3582,grand mesa high school,446,419,865,411,415,826,81624,64375.0,1480.0
246,1990,plateau valley 50,7032,plateau valley high school,478,455,933,449,434,883,81624,64375.0,1480.0
247,2000,mesa county valley 51,1450,central high school,473,463,936,451,445,895,81504,59781.0,29628.0
248,2000,mesa county valley 51,3570,grand junction high school,497,481,979,466,451,917,81501,44619.0,24610.0
249,2000,mesa county valley 51,3604,grand river academy,471,437,908,477,439,916,81501,44619.0,24610.0
250,2000,mesa county valley 51,5828,mesa valley community school,530,504,1034,506,461,967,81505,68830.0,8919.0
251,2000,mesa county valley 51,6070,fruita monument high school,521,498,1019,481,465,946,81521,63456.0,14830.0
252,2000,mesa county valley 51,6666,palisade high school,500,490,991,464,465,929,81526,69393.0,5445.0
253,2000,mesa county valley 51,7236,r-5 high school,416,400,816,381,383,764,81501,44619.0,24610.0
254,2020,moffat county re:no 1,5962,moffat county high school,480,451,931,451,442,892,81625,67111.0,12425.0
255,2035,montezuma-cortez re-1,6026,montezuma-cortez high school,478,459,937,443,430,872,81321,45591.0,14284.0
256,2055,dolores re-4a,2208,dolores high school,489,471,960,451,450,901,81323,61970.0,4959.0
257,2070,mancos re-6,5452,mancos high school,478,466,944,460,446,906,81328,58837.0,4092.0
258,2180,montrose county re-1j,6058,montrose high school,501,488,989,470,453,922,81402,,
259,2180,montrose county re-1j,6494,olathe high school,464,469,933,444,452,896,81425,42632.0,5119.0
260,2180,montrose county re-1j,9149,vista charter school,423,409,832,400,397,797,81402,,
261,2395,brush re-2(j),1096,brush high school,476,489,965,450,456,906,80723,51229.0,7099.0
262,2405,fort morgan re-3,3078,fort morgan high school,467,451,918,442,439,881,80701,53060.0,16370.0
263,2505,weldon valley re-20(j),9360,weldon valley jr/sr high school,478,447,925,452,449,902,80653,52500.0,683.0
264,2515,wiggins re-50(j),9582,wiggins high school,508,471,979,483,452,936,80654,54653.0,2518.0
265,2520,east otero r-1,5015,la junta jr/sr high school,471,457,928,431,437,868,81050,39952.0,9645.0
266,2530,rocky ford r-2,7442,rocky ford junior/senior high school,493,453,946,456,444,900,81067,45058.0,6144.0
267,2540,fowler r-4j,3134,fowler high school,515,508,1023,491,485,976,81039,51375.0,1747.0
268,2570,swink 33,8456,swink junior-senior high school,512,510,1022,496,477,973,81077,49875.0,522.0
269,2590,ridgway r-2,7346,ridgway high school,570,526,1097,519,490,1009,81432,72708.0,2825.0
270,2600,platte canyon 1,7046,platte canyon high school,508,484,992,475,458,933,80421,76455.0,8189.0
271,2610,park county re-2,8118,south park high school,494,479,973,471,460,932,80440,80795.0,2353.0
272,2640,aspen 1,0432,aspen high school,570,563,1134,509,508,1017,81611,96010.0,9821.0
273,2660,lamar re-2,4960,lamar high school,446,432,877,415,415,830,81052,44846.0,9239.0
274,2670,holly re-3,4058,holly high school,497,522,1019,472,487,959,81047,48650.0,1637.0
275,2690,pueblo city 60,1402,centennial high school,491,462,954,450,439,889,81008,58988.0,10379.0
276,2690,pueblo city 60,1454,central high school,441,423,864,418,414,832,81004,39455.0,25705.0
277,2690,pueblo city 60,1488,chavez/huerta k-12 preparatory academy,480,468,948,475,460,935,81003,39597.0,15709.0
278,2690,pueblo city 60,2394,east high school,470,457,927,436,429,865,81001,36948.0,29614.0
279,2690,pueblo city 60,8082,south high school,481,460,941,449,439,889,81005,57628.0,30692.0
280,2700,pueblo county 70,5990,70 online,425,398,823,426,409,835,81001,36948.0,29614.0
281,2700,pueblo county 70,7208,pueblo county high school,500,491,991,471,456,927,81006,61491.0,11762.0
282,2700,pueblo county 70,7214,pueblo west high school,501,478,978,473,453,927,81007,69723.0,30674.0
283,2700,pueblo county 70,7534,rye high school,547,544,1090,497,513,1010,81069,86250.0,1554.0
284,2700,pueblo county 70,7879,swallows charter academy high school,540,497,1037,498,475,973,81007,69723.0,30674.0
285,2710,meeker re1,5762,meeker high school,498,512,1010,473,489,962,81641,70132.0,3603.0
286,2720,rangely re-4,7276,rangely junior/senior high school,500,476,975,464,444,908,81648,79297.0,2677.0
287,2730,del norte c-7,2150,del norte high school,479,474,953,477,460,938,81132,38083.0,3249.0
288,2740,monte vista c-8,6046,monte vista senior high school,469,449,918,437,427,864,81144,49617.0,7015.0
289,2750,sargent re-33j,7664,sargent senior high school,495,463,957,474,428,902,81144,49617.0,7015.0
290,2760,hayden re-1,3862,hayden high school,538,499,1037,502,475,976,81639,72500.0,2289.0
291,2770,steamboat springs re-2,8212,steamboat springs high school,547,547,1094,510,513,1023,80487,77336.0,16944.0
292,2780,south routt re 3,8050,soroco high school,532,529,1061,478,477,955,80467,85441.0,2173.0
293,2810,center 26 jt,1420,center high school,432,420,852,405,411,816,81125,43250.0,3251.0
294,2830,telluride r-1,8794,telluride high school,561,555,1117,528,526,1054,81435,83438.0,5260.0
295,2840,norwood r-2j,6422,norwood public schools,519,499,1018,477,484,961,81423,68676.0,1527.0
296,2862,julesburg re-1,4369,destinations career academy of colorado,483,457,940,478,448,926,80031,79205.0,35081.0
297,3000,summit re-1,8378,summit high school,517,520,1038,482,480,962,80443,78889.0,3345.0
298,3020,woodland park re-2,9696,woodland park high school,507,503,1010,472,464,936,80866,,
299,3080,weld county re-1,9032,valley high school,469,453,922,445,430,875,80623,44688.0,976.0
300,3085,eaton re-2,2456,eaton high school,509,513,1022,479,464,944,80615,68148.0,7694.0
301,3090,weld county school district re-3j,1446,weld central senior high school,456,455,911,427,430,857,80643,78438.0,3331.0
302,3100,windsor re-4,9393,windsor charter academy middle and early college h,538,520,1058,531,491,1022,80550,93024.0,22406.0
303,3100,windsor re-4,9672,windsor high school,523,518,1042,490,476,966,80550,93024.0,22406.0
304,3110,johnstown-milliken re-5j,7490,roosevelt high school,503,501,1004,469,460,929,80534,81029.0,13068.0
305,3120,greeley 6,1875,frontier charter academy,549,524,1074,522,487,1009,80634,68889.0,55464.0
306,3120,greeley 6,2657,early college academy,502,501,1004,464,470,934,80631,39278.0,50466.0
307,3120,greeley 6,2850,university schools,512,507,1019,469,462,931,80634,68889.0,55464.0
308,3120,greeley 6,3610,greeley central high school,465,448,913,428,424,852,80631,39278.0,50466.0
309,3120,greeley 6,3614,greeley west high school,464,448,912,434,423,857,80634,68889.0,55464.0
310,3120,greeley 6,4425,jefferson junior/senior high,428,415,843,384,390,774,80631,39278.0,50466.0
311,3120,greeley 6,6364,northridge high school,458,435,893,429,423,852,80634,68889.0,55464.0
312,3120,greeley 6,8965,union colony preparatory school,509,519,1028,483,470,954,80634,68889.0,55464.0
313,3130,platte valley re-7,4670,platte valley high school,496,502,998,465,461,926,80644,70938.0,3104.0
314,3140,weld county s/d re-8,3070,fort lupton high school,453,438,891,420,419,840,80621,60168.0,11924.0
315,3145,ault-highland re-9,3962,highland high school,465,464,929,447,444,891,80610,61570.0,2732.0
316,3200,yuma 1,9799,yuma high school,466,468,934,440,446,886,80759,52367.0,4670.0
317,3210,wray rd-2,9733,wray high school,472,456,928,459,439,898,80758,56373.0,3899.0
318,8001,charter school institute,0015,academy of charter schools,528,500,1028,487,466,953,80031,79205.0,35081.0
319,8001,charter school institute,0075,animas high school,556,508,1064,492,447,939,81302,,
320,8001,charter school institute,1279,caprock academy,534,498,1032,494,463,956,81505,68830.0,8919.0
321,8001,charter school institute,1795,colorado springs early colleges,562,545,1107,529,506,1036,80907,55404.0,27265.0
322,8001,charter school institute,2067,colorado early college fort collins,572,540,1111,515,497,1012,80525,85047.0,49259.0
323,8001,charter school institute,2196,colorado early colleges - parker,598,579,1177,565,544,1109,80138,114291.0,30693.0
324,8001,charter school institute,2837,early college of arvada,498,463,961,438,441,879,80003,66810.0,35797.0
325,8001,charter school institute,4699,new america school - thornton,390,381,771,364,381,744,80229,54249.0,51224.0
326,8001,charter school institute,6219,new america school - lowry,388,377,765,376,370,745,80230,112604.0,8393.0
327,8001,charter school institute,6266,new legacy charter school,407,405,812,368,393,762,80010,37081.0,43999.0
328,8001,charter school institute,6914,the pinnacle charter school high,474,464,938,446,438,885,80260,42860.0,33835.0
329,8001,charter school institute,8825,thomas maclaren state charter school,633,610,1243,589,556,1145,80915,59594.0,20237.0
330,8001,charter school institute,9037,victory preparatory academy high state charter sch,511,521,1032,480,488,968,80022,61075.0,45663.0
331,9030,colorado river boces,6134,yampah mountain school,431,393,824,411,400,812,81601,76737.0,16368.0
332,9130,expeditionary boces,2840,rocky mountain school of expeditionary learning,570,526,1095,535,471,1006,80222,67281.0,20673.0
333,9170,colorado digital boces,1550,colorado prep academy,529,502,1031,500,470,970,80031,79205.0,35081.0
334,9170,colorado digital boces,6971,pikes peak online school,433,406,839,425,394,819,80031,79205.0,35081.0
