,SAT Math,SAT EBRW,PSAT Math,PSAT EBRW,Median Family Income,Gend_Female,Gend_Male,Ethn_Asian,Ethn_Black,Ethn_Hispanic,Ethn_Two or More Races,Ethn_White,FRL_FRL Eligible,FRL_Not FRL Eligible,ELL_English Learners,ELL_Not English Learners,IEP_Students with IEPs,IEP_Students without IEPs
0,505.882352941176,560.588235294118,,,118620.0,0.0,1.0,0.0,0.0,0.0,0.0,1.0,0.0,1.0,0.0,1.0,0.0,1.0
1,537.757009345794,562.056074766355,501.909090909091,535.272727272727,68454.0,1.0,0.0,0.0,0.0,0.0,0.0,1.0,0.0,1.0,0.0,1.0,0.0,1.0
2,574.725274725275,564.395604395604,541.5625,524.583333333333,68454.0,0.0,1.0,0.0,0.0,0.0,0.0,1.0,0.0,1.0,0.0,1.0,0.0,1.0
3,503.529411764706,517.058823529412,,,121412.0,1.0,0.0,0.0,0.0,1.0,0.0,0.0,0.0,1.0,0.0,1.0,0.0,1.0
4,560.444444444444,579.222222222222,521.397849462366,542.58064516129,121412.0,1.0,0.0,0.0,0.0,0.0,0.0,1.0,0.0,1.0,0.0,1.0,0.0,1.0
5,570.0,573.125,,,121412.0,0.0,1.0,0.0,0.0,1.0,0.0,0.0,0.0,1.0,0.0,1.0,0.0,1.0
6,587.317073170732,577.682926829268,554.390243902439,541.219512195122,121412.0,0.0,1.0,0.0,0.0,0.0,0.0,1.0,0.0,1.0,0.0,1.0,0.0,1.0
7,475.263157894737,487.894736842105,440.0,466.470588235294,104840.0,1.0,0.0,0.0,0.0,1.0,0.0,0.0,0.0,1.0,0.0,1.0,0.0,1.0
8,535.042016806723,576.050420168067,502.586206896552,541.120689655172,104840.0,1.0,0.0,0.0,0.0,0.0,0.0,1.0,0.0,1.0,0.0,1.0,0.0,1.0
9,546.25,545.104166666667,512.258064516129,502.688172043011,104840.0,0.0,1.0,0.0,0.0,0.0,0.0,1.0,0.0,1.0,0.0,1.0,0.0,1.0
10,579.5,591.0,533.5,540.5,111220.0,1.0,0.0,0.0,0.0,1.0,0.0,0.0,0.0,1.0,0.0,1.0,0.0,1.0
11,559.035087719298,594.912280701754,518.64,549.92,111220.0,1.0,0.0,0.0,0.0,0.0,0.0,1.0,0.0,1.0,0.0,1.0,0.0,1.0
12,504.545454545455,525.0,469.473684210526,484.210526315789,111220.0,0.0,1.0,0.0,0.0,1.0,0.0,0.0,0.0,1.0,0.0,1.0,0.0,1.0
13,553.761467889908,562.56880733945,501.769911504425,511.238938053097,111220.0,0.0,1.0,0.0,0.0,0.0,0.0,1.0,0.0,1.0,0.0,1.0,0.0,1.0
14,553.333333333333,576.666666666667,497.6,520.8,104840.0,1.0,0.0,0.0,0.0,1.0,0.0,0.0,0.0,1.0,0.0,1.0,0.0,1.0
15,546.25,558.083333333333,505.221238938053,528.495575221239,104840.0,1.0,0.0,0.0,0.0,0.0,0.0,1.0,0.0,1.0,0.0,1.0,0.0,1.0
16,650.0,623.125,,,104840.0,0.0,1.0,1.0,0.0,0.0,0.0,0.0,0.0,1.0,0.0,1.0,0.0,1.0
17,543.529411764706,512.352941176471,494.117647058824,476.470588235294,104840.0,0.0,1.0,0.0,0.0,1.0,0.0,0.0,0.0,1.0,0.0,1.0,0.0,1.0
18,575.865384615385,569.807692307692,528.43137254902,519.117647058824,104840.0,0.0,1.0,0.0,0.0,0.0,0.0,1.0,0.0,1.0,0.0,1.0,0.0,1.0
19,564.63768115942,591.884057971014,516.714285714286,552.714285714286,121412.0,1.0,0.0,0.0,0.0,0.0,0.0,1.0,0.0,1.0,0.0,1.0,0.0,1.0
20,605.423728813559,610.169491525424,558.75,554.21875,121412.0,0.0,1.0,0.0,0.0,0.0,0.0,1.0,0.0,1.0,0.0,1.0,0.0,1.0
21,539.72972972973,534.594594594595,495.714285714286,497.428571428571,68153.0,1.0,0.0,0.0,0.0,1.0,0.0,0.0,0.0,1.0,0.0,1.0,0.0,1.0
22,531.75572519084,537.862595419847,501.159420289855,508.333333333333,68153.0,1.0,0.0,0.0,0.0,0.0,0.0,1.0,0.0,1.0,0.0,1.0,0.0,1.0
23,577.741935483871,560.0,512.592592592593,496.296296296296,68153.0,0.0,1.0,0.0,0.0,1.0,0.0,0.0,0.0,1.0,0.0,1.0,0.0,1.0
24,543.047619047619,525.142857142857,494.260869565217,478.695652173913,68153.0,0.0,1.0,0.0,0.0,0.0,0.0,1.0,0.0,1.0,0.0,1.0,0.0,1.0
25,490.0,514.5,,,91801.0,1.0,0.0,0.0,0.0,1.0,0.0,0.0,0.0,1.0,0.0,1.0,0.0,1.0
26,577.077922077922,582.337662337662,529.938271604938,538.148148148148,91801.0,1.0,0.0,0.0,0.0,0.0,0.0,1.0,0.0,1.0,0.0,1.0,0.0,1.0
27,531.666666666667,541.666666666667,,,91801.0,0.0,1.0,0.0,0.0,1.0,0.0,0.0,0.0,1.0,0.0,1.0,0.0,1.0
28,595.253164556962,579.556962025316,549.622641509434,529.308176100629,91801.0,0.0,1.0,0.0,0.0,0.0,0.0,1.0,0.0,1.0,0.0,1.0,0.0,1.0
29,470.0,490.0,416.111111111111,435.555555555556,76996.0,1.0,0.0,0.0,0.0,1.0,0.0,0.0,1.0,0.0,0.0,1.0,0.0,1.0
30,468.787878787879,509.69696969697,428.064516129032,492.58064516129,76996.0,1.0,0.0,0.0,0.0,1.0,0.0,0.0,0.0,1.0,0.0,1.0,0.0,1.0
31,459.375,506.875,430.47619047619,475.714285714286,76996.0,1.0,0.0,0.0,0.0,0.0,0.0,1.0,1.0,0.0,0.0,1.0,0.0,1.0
32,505.0,540.3,472.555555555556,510.111111111111,76996.0,1.0,0.0,0.0,0.0,0.0,0.0,1.0,0.0,1.0,0.0,1.0,0.0,1.0
33,484.347826086957,502.608695652174,461.111111111111,487.777777777778,76996.0,0.0,1.0,0.0,0.0,1.0,0.0,0.0,1.0,0.0,0.0,1.0,0.0,1.0
34,532.758620689655,522.413793103448,488.214285714286,480.714285714286,76996.0,0.0,1.0,0.0,0.0,1.0,0.0,0.0,0.0,1.0,0.0,1.0,0.0,1.0
35,462.222222222222,494.444444444444,420.909090909091,430.909090909091,76996.0,0.0,1.0,0.0,0.0,0.0,0.0,1.0,1.0,0.0,0.0,1.0,0.0,1.0
36,526.881720430108,533.118279569892,482.574257425743,488.613861386139,76996.0,0.0,1.0,0.0,0.0,0.0,0.0,1.0,0.0,1.0,0.0,1.0,0.0,1.0
37,411.666666666667,421.0,433.333333333333,418.518518518519,51699.0,1.0,0.0,0.0,0.0,1.0,0.0,0.0,1.0,0.0,1.0,0.0,0.0,1.0
38,443.095238095238,455.0,,,51699.0,1.0,0.0,0.0,0.0,1.0,0.0,0.0,1.0,0.0,0.0,1.0,0.0,1.0
39,465.833333333333,470.277777777778,441.136363636364,444.772727272727,51699.0,1.0,0.0,0.0,0.0,1.0,0.0,0.0,0.0,1.0,0.0,1.0,0.0,1.0
40,463.684210526316,489.473684210526,,,51699.0,1.0,0.0,0.0,0.0,0.0,0.0,1.0,1.0,0.0,0.0,1.0,0.0,1.0
41,500.27027027027,525.135135135135,468.913043478261,480.217391304348,51699.0,1.0,0.0,0.0,0.0,0.0,0.0,1.0,0.0,1.0,0.0,1.0,0.0,1.0
42,421.785714285714,441.071428571429,444.827586206897,420.0,51699.0,0.0,1.0,0.0,0.0,1.0,0.0,0.0,1.0,0.0,1.0,0.0,0.0,1.0
43,478.666666666667,495.0,,,51699.0,0.0,1.0,0.0,0.0,1.0,0.0,0.0,1.0,0.0,0.0,1.0,0.0,1.0
44,464.375,460.3125,451.052631578947,433.947368421053,51699.0,0.0,1.0,0.0,0.0,1.0,0.0,0.0,0.0,1.0,0.0,1.0,0.0,1.0
45,550.0,537.80487804878,495.192307692308,476.538461538462,51699.0,0.0,1.0,0.0,0.0,0.0,0.0,1.0,0.0,1.0,0.0,1.0,0.0,1.0
46,571.25,604.25,519.565217391304,547.608695652174,126327.0,1.0,0.0,0.0,0.0,0.0,0.0,1.0,0.0,1.0,0.0,1.0,0.0,1.0
47,584.666666666667,582.333333333333,542.121212121212,544.848484848485,126327.0,0.0,1.0,0.0,0.0,0.0,0.0,1.0,0.0,1.0,0.0,1.0,0.0,1.0
48,596.8,642.0,565.714285714286,595.714285714286,126327.0,1.0,0.0,0.0,0.0,0.0,0.0,1.0,0.0,1.0,0.0,1.0,0.0,1.0
49,641.0,654.5,575.294117647059,585.294117647059,126327.0,0.0,1.0,0.0,0.0,0.0,0.0,1.0,0.0,1.0,0.0,1.0,0.0,1.0
50,367.0,408.5,405.0,418.666666666667,54249.0,1.0,0.0,0.0,0.0,1.0,0.0,0.0,1.0,0.0,1.0,0.0,0.0,1.0
51,452.857142857143,471.428571428571,393.809523809524,424.285714285714,54249.0,1.0,0.0,0.0,0.0,1.0,0.0,0.0,1.0,0.0,0.0,1.0,0.0,1.0
52,383.928571428571,422.857142857143,405.945945945946,416.756756756757,54249.0,1.0,0.0,0.0,0.0,1.0,0.0,0.0,0.0,1.0,1.0,0.0,0.0,1.0
53,418.928571428571,450.0,397.826086956522,401.304347826087,54249.0,1.0,0.0,0.0,0.0,1.0,0.0,0.0,0.0,1.0,0.0,1.0,0.0,1.0
54,477.333333333333,483.666666666667,451.785714285714,472.5,54249.0,1.0,0.0,0.0,0.0,0.0,0.0,1.0,0.0,1.0,0.0,1.0,0.0,1.0
55,411.052631578947,419.473684210526,416.4,416.4,54249.0,0.0,1.0,0.0,0.0,1.0,0.0,0.0,1.0,0.0,1.0,0.0,0.0,1.0
56,465.0,460.0,438.823529411765,392.941176470588,54249.0,0.0,1.0,0.0,0.0,1.0,0.0,0.0,1.0,0.0,0.0,1.0,0.0,1.0
57,390.0,398.4375,410.571428571429,386.857142857143,54249.0,0.0,1.0,0.0,0.0,1.0,0.0,0.0,0.0,1.0,1.0,0.0,0.0,1.0
58,441.842105263158,439.210526315789,420.0,417.5,54249.0,0.0,1.0,0.0,0.0,1.0,0.0,0.0,0.0,1.0,0.0,1.0,0.0,1.0
59,491.851851851852,497.407407407407,455.51724137931,446.896551724138,54249.0,0.0,1.0,0.0,0.0,0.0,0.0,1.0,0.0,1.0,0.0,1.0,0.0,1.0
60,416.037735849057,424.528301886792,417.075471698113,417.169811320755,61075.0,1.0,0.0,0.0,0.0,1.0,0.0,0.0,1.0,0.0,1.0,0.0,0.0,1.0
61,445.932203389831,464.915254237288,420.0,411.071428571429,61075.0,1.0,0.0,0.0,0.0,1.0,0.0,0.0,1.0,0.0,0.0,1.0,0.0,1.0
62,409.6,416.6,410.847457627119,401.101694915254,61075.0,0.0,1.0,0.0,0.0,1.0,0.0,0.0,1.0,0.0,1.0,0.0,0.0,1.0
63,454.736842105263,466.842105263158,409.642857142857,397.857142857143,61075.0,0.0,1.0,0.0,0.0,1.0,0.0,0.0,1.0,0.0,0.0,1.0,0.0,1.0
64,399.0,420.0,399.054054054054,406.621621621622,37081.0,1.0,0.0,0.0,0.0,1.0,0.0,0.0,1.0,0.0,1.0,0.0,0.0,1.0
65,433.333333333333,463.333333333333,,,37081.0,1.0,0.0,0.0,0.0,1.0,0.0,0.0,1.0,0.0,0.0,1.0,0.0,1.0
66,392.244897959184,392.65306122449,395.211267605634,378.450704225352,37081.0,0.0,1.0,0.0,0.0,1.0,0.0,0.0,1.0,0.0,1.0,0.0,0.0,1.0
67,463.181818181818,463.181818181818,,,37081.0,0.0,1.0,0.0,0.0,1.0,0.0,0.0,1.0,0.0,0.0,1.0,0.0,1.0
68,373.529411764706,392.5,375.0,373.0,37081.0,0.0,1.0,0.0,0.0,1.0,0.0,0.0,0.0,1.0,1.0,0.0,0.0,1.0
69,495.294117647059,495.882352941176,,,37081.0,1.0,0.0,0.0,0.0,1.0,0.0,0.0,1.0,0.0,0.0,1.0,0.0,1.0
70,358.823529411765,398.823529411765,409.2,433.8,49744.0,1.0,0.0,0.0,0.0,1.0,0.0,0.0,1.0,0.0,1.0,0.0,0.0,1.0
71,441.212121212121,476.363636363636,,,49744.0,1.0,0.0,0.0,0.0,1.0,0.0,0.0,1.0,0.0,0.0,1.0,0.0,1.0
72,408.571428571429,419.642857142857,409.318181818182,400.454545454545,49744.0,0.0,1.0,0.0,0.0,1.0,0.0,0.0,1.0,0.0,1.0,0.0,0.0,1.0
73,435.454545454545,463.636363636364,,,49744.0,0.0,1.0,0.0,0.0,1.0,0.0,0.0,1.0,0.0,0.0,1.0,0.0,1.0
74,402.830188679245,408.867924528302,424.7,427.3,43118.0,1.0,0.0,0.0,0.0,1.0,0.0,0.0,1.0,0.0,1.0,0.0,0.0,1.0
75,484.754098360656,486.393442622951,412.777777777778,405.555555555556,43118.0,1.0,0.0,0.0,0.0,1.0,0.0,0.0,1.0,0.0,0.0,1.0,0.0,1.0
76,405.166666666667,409.0,424.130434782609,401.630434782609,43118.0,0.0,1.0,0.0,0.0,1.0,0.0,0.0,1.0,0.0,1.0,0.0,0.0,1.0
77,502.352941176471,481.960784313725,,,43118.0,0.0,1.0,0.0,0.0,1.0,0.0,0.0,1.0,0.0,0.0,1.0,0.0,1.0
78,434.375,452.5,,,75231.0,1.0,0.0,0.0,1.0,0.0,0.0,0.0,1.0,0.0,0.0,1.0,0.0,1.0
79,491.052631578947,485.263157894737,456.470588235294,475.882352941176,75231.0,1.0,0.0,0.0,1.0,0.0,0.0,0.0,0.0,1.0,0.0,1.0,0.0,1.0
80,415.5,429.5,424.52380952381,447.619047619048,75231.0,1.0,0.0,0.0,0.0,1.0,0.0,0.0,1.0,0.0,1.0,0.0,0.0,1.0
81,477.435897435897,482.820512820513,,,75231.0,1.0,0.0,0.0,0.0,1.0,0.0,0.0,1.0,0.0,0.0,1.0,0.0,1.0
82,531.25,543.125,,,75231.0,1.0,0.0,0.0,0.0,1.0,0.0,0.0,0.0,1.0,0.0,1.0,0.0,1.0
83,539.0,540.75,487.179487179487,508.974358974359,75231.0,1.0,0.0,0.0,0.0,0.0,0.0,1.0,0.0,1.0,0.0,1.0,0.0,1.0
84,467.368421052632,468.421052631579,413.846153846154,402.307692307692,75231.0,0.0,1.0,0.0,1.0,0.0,0.0,0.0,1.0,0.0,0.0,1.0,0.0,1.0
85,432.631578947368,414.210526315789,435.238095238095,439.047619047619,75231.0,0.0,1.0,0.0,0.0,1.0,0.0,0.0,1.0,0.0,1.0,0.0,0.0,1.0
86,509.354838709677,504.516129032258,440.625,450.0,75231.0,0.0,1.0,0.0,0.0,1.0,0.0,0.0,1.0,0.0,0.0,1.0,0.0,1.0
87,497.0,486.5,,,75231.0,0.0,1.0,0.0,0.0,1.0,0.0,0.0,0.0,1.0,0.0,1.0,0.0,1.0
88,555.161290322581,556.129032258065,485.454545454545,503.939393939394,75231.0,0.0,1.0,0.0,0.0,0.0,0.0,1.0,0.0,1.0,0.0,1.0,0.0,1.0
89,422.777777777778,426.666666666667,403.225806451613,421.935483870968,101593.0,1.0,0.0,0.0,0.0,1.0,0.0,0.0,1.0,0.0,1.0,0.0,0.0,1.0
90,488.571428571429,487.142857142857,,,101593.0,1.0,0.0,0.0,0.0,1.0,0.0,0.0,1.0,0.0,0.0,1.0,0.0,1.0
91,500.454545454545,496.363636363636,452.857142857143,485.238095238095,101593.0,1.0,0.0,0.0,0.0,1.0,0.0,0.0,0.0,1.0,0.0,1.0,0.0,1.0
92,533.333333333333,523.703703703704,463.2,485.6,101593.0,1.0,0.0,0.0,0.0,0.0,0.0,1.0,0.0,1.0,0.0,1.0,0.0,1.0
93,543.157894736842,542.105263157895,488.076923076923,471.538461538462,101593.0,0.0,1.0,0.0,0.0,0.0,0.0,1.0,0.0,1.0,0.0,1.0,0.0,1.0
94,485.769230769231,501.153846153846,,,46353.0,1.0,0.0,0.0,0.0,1.0,0.0,0.0,0.0,1.0,0.0,1.0,0.0,1.0
95,531.052631578947,562.105263157895,502.631578947368,521.052631578947,46353.0,1.0,0.0,0.0,0.0,0.0,0.0,1.0,0.0,1.0,0.0,1.0,0.0,1.0
96,509.230769230769,513.461538461538,,,46353.0,0.0,1.0,0.0,0.0,1.0,0.0,0.0,0.0,1.0,0.0,1.0,0.0,1.0
97,554.090909090909,564.090909090909,520.526315789474,493.684210526316,46353.0,0.0,1.0,0.0,0.0,0.0,0.0,1.0,0.0,1.0,0.0,1.0,0.0,1.0
98,510.869565217391,524.347826086957,440.869565217391,499.130434782609,59750.0,1.0,0.0,0.0,0.0,0.0,0.0,1.0,0.0,1.0,0.0,1.0,0.0,1.0
99,526.842105263158,561.052631578947,498.333333333333,504.444444444444,59750.0,0.0,1.0,0.0,0.0,0.0,0.0,1.0,0.0,1.0,0.0,1.0,0.0,1.0
100,585.263157894737,608.947368421053,519.056603773585,523.962264150943,96010.0,1.0,0.0,0.0,0.0,0.0,0.0,1.0,0.0,1.0,0.0,1.0,0.0,1.0
101,574.318181818182,573.636363636364,510.0,503.673469387755,96010.0,0.0,1.0,0.0,0.0,0.0,0.0,1.0,0.0,1.0,0.0,1.0,0.0,1.0
102,480.0,458.095238095238,463.181818181818,438.636363636364,61570.0,0.0,1.0,0.0,0.0,0.0,0.0,1.0,0.0,1.0,0.0,1.0,0.0,1.0
103,533.333333333333,551.904761904762,500.5,527.0,70750.0,1.0,0.0,0.0,0.0,0.0,0.0,1.0,0.0,1.0,0.0,1.0,0.0,1.0
104,543.125,523.75,486.129032258065,489.354838709677,70750.0,0.0,1.0,0.0,0.0,0.0,0.0,1.0,0.0,1.0,0.0,1.0,0.0,1.0
105,485.0,504.5,470.625,483.125,73732.0,1.0,0.0,0.0,0.0,0.0,0.0,1.0,0.0,1.0,0.0,1.0,0.0,1.0
106,471.578947368421,502.631578947368,456.315789473684,461.578947368421,73732.0,0.0,1.0,0.0,0.0,0.0,0.0,1.0,0.0,1.0,0.0,1.0,0.0,1.0
107,448.181818181818,472.272727272727,,,111399.0,1.0,0.0,0.0,0.0,1.0,0.0,0.0,1.0,0.0,0.0,1.0,0.0,1.0
108,582.547169811321,620.849056603774,524.029850746269,569.029850746269,111399.0,1.0,0.0,0.0,0.0,0.0,0.0,1.0,0.0,1.0,0.0,1.0,0.0,1.0
109,615.887096774194,627.096774193548,573.405797101449,576.014492753623,111399.0,0.0,1.0,0.0,0.0,0.0,0.0,1.0,0.0,1.0,0.0,1.0,0.0,1.0
110,516.0,539.5,496.0,520.0,91801.0,1.0,0.0,0.0,0.0,1.0,0.0,0.0,0.0,1.0,0.0,1.0,0.0,1.0
111,541.393442622951,559.180327868852,494.016393442623,526.311475409836,91801.0,1.0,0.0,0.0,0.0,0.0,0.0,1.0,0.0,1.0,0.0,1.0,0.0,1.0
112,532.941176470588,509.411764705882,,,91801.0,0.0,1.0,0.0,0.0,1.0,0.0,0.0,0.0,1.0,0.0,1.0,0.0,1.0
113,571.181818181818,553.727272727273,530.825688073395,524.954128440367,91801.0,0.0,1.0,0.0,0.0,0.0,0.0,1.0,0.0,1.0,0.0,1.0,0.0,1.0
114,582.452830188679,603.396226415094,561.063829787234,585.957446808511,86082.0,1.0,0.0,0.0,0.0,0.0,0.0,1.0,0.0,1.0,0.0,1.0,0.0,1.0
115,616.621621621622,608.378378378378,557.910447761194,567.910447761194,86082.0,0.0,1.0,0.0,0.0,0.0,0.0,1.0,0.0,1.0,0.0,1.0,0.0,1.0
116,672.941176470588,672.352941176471,621.176470588235,617.647058823529,126058.0,1.0,0.0,1.0,0.0,0.0,0.0,0.0,0.0,1.0,0.0,1.0,0.0,1.0
117,441.764705882353,454.705882352941,,,126058.0,1.0,0.0,0.0,0.0,1.0,0.0,0.0,1.0,0.0,1.0,0.0,0.0,1.0
118,616.642857142857,629.142857142857,557.407407407407,585.061728395062,126058.0,1.0,0.0,0.0,0.0,0.0,0.0,1.0,0.0,1.0,0.0,1.0,0.0,1.0
119,639.43661971831,629.154929577465,586.4375,575.9375,126058.0,0.0,1.0,0.0,0.0,0.0,0.0,1.0,0.0,1.0,0.0,1.0,0.0,1.0
120,562.5,588.823529411765,520.909090909091,548.881118881119,119674.0,1.0,0.0,0.0,0.0,0.0,0.0,1.0,0.0,1.0,0.0,1.0,0.0,1.0
121,587.935483870968,587.935483870968,546.708860759494,543.101265822785,119674.0,0.0,1.0,0.0,0.0,0.0,0.0,1.0,0.0,1.0,0.0,1.0,0.0,1.0
122,533.04347826087,596.086956521739,491.25,554.375,111399.0,1.0,0.0,0.0,0.0,0.0,0.0,1.0,0.0,1.0,0.0,1.0,0.0,1.0
123,533.333333333333,589.047619047619,,,111399.0,0.0,1.0,0.0,0.0,0.0,0.0,1.0,0.0,1.0,0.0,1.0,0.0,1.0
124,594.150943396226,624.339622641509,547.272727272727,593.636363636364,86082.0,1.0,0.0,0.0,0.0,0.0,0.0,1.0,0.0,1.0,0.0,1.0,0.0,1.0
125,639.824561403509,644.035087719298,579.827586206897,588.793103448276,86082.0,0.0,1.0,0.0,0.0,0.0,0.0,1.0,0.0,1.0,0.0,1.0,0.0,1.0
126,551.111111111111,535.0,502.272727272727,501.818181818182,51229.0,1.0,0.0,0.0,0.0,0.0,0.0,1.0,0.0,1.0,0.0,1.0,0.0,1.0
127,503.0,490.5,474.0,474.0,51229.0,0.0,1.0,0.0,0.0,0.0,0.0,1.0,0.0,1.0,0.0,1.0,0.0,1.0
128,519.047619047619,549.047619047619,485.0,533.181818181818,56250.0,1.0,0.0,0.0,0.0,0.0,0.0,1.0,0.0,1.0,0.0,1.0,0.0,1.0
129,452.068965517241,491.379310344828,448.965517241379,482.068965517241,49816.0,1.0,0.0,0.0,0.0,0.0,0.0,1.0,1.0,0.0,0.0,1.0,0.0,1.0
130,480.46875,525.46875,465.245901639344,497.868852459016,49816.0,1.0,0.0,0.0,0.0,0.0,0.0,1.0,0.0,1.0,0.0,1.0,0.0,1.0
131,450.3125,451.25,442.666666666667,455.333333333333,49816.0,0.0,1.0,0.0,0.0,0.0,0.0,1.0,1.0,0.0,0.0,1.0,0.0,1.0
132,492.363636363636,499.636363636364,453.064516129032,460.0,49816.0,0.0,1.0,0.0,0.0,0.0,0.0,1.0,0.0,1.0,0.0,1.0,0.0,1.0
133,510.0,543.333333333333,477.391304347826,506.95652173913,79205.0,1.0,0.0,0.0,0.0,0.0,0.0,1.0,0.0,1.0,0.0,1.0,0.0,1.0
134,541.0,560.0,490.0,497.941176470588,79205.0,0.0,1.0,0.0,0.0,0.0,0.0,1.0,0.0,1.0,0.0,1.0,0.0,1.0
135,502.941176470588,551.176470588235,,,85047.0,1.0,0.0,0.0,0.0,0.0,0.0,1.0,1.0,0.0,0.0,1.0,0.0,1.0
136,553.666666666667,596.5,505.090909090909,542.909090909091,85047.0,1.0,0.0,0.0,0.0,0.0,0.0,1.0,0.0,1.0,0.0,1.0,0.0,1.0
137,563.333333333333,578.666666666667,500.0,503.333333333333,85047.0,0.0,1.0,0.0,0.0,0.0,0.0,1.0,0.0,1.0,0.0,1.0,0.0,1.0
138,574.897959183673,592.65306122449,540.909090909091,568.181818181818,114291.0,1.0,0.0,0.0,0.0,0.0,0.0,1.0,0.0,1.0,0.0,1.0,0.0,1.0
139,591.739130434783,610.434782608696,541.75,561.0,114291.0,0.0,1.0,0.0,0.0,0.0,0.0,1.0,0.0,1.0,0.0,1.0,0.0,1.0
140,550.0,575.348837209302,512.727272727273,542.121212121212,55404.0,1.0,0.0,0.0,0.0,0.0,0.0,1.0,0.0,1.0,0.0,1.0,0.0,1.0
141,617.142857142857,618.928571428571,540.689655172414,564.48275862069,55404.0,0.0,1.0,0.0,0.0,0.0,0.0,1.0,0.0,1.0,0.0,1.0,0.0,1.0
142,420.416666666667,441.666666666667,425.161290322581,428.064516129032,42860.0,1.0,0.0,0.0,0.0,1.0,0.0,0.0,1.0,0.0,1.0,0.0,0.0,1.0
143,587.058823529412,630.588235294118,539.0,590.0,59594.0,1.0,0.0,0.0,0.0,0.0,0.0,1.0,0.0,1.0,0.0,1.0,0.0,1.0
144,628.928571428571,595.357142857143,579.090909090909,592.727272727273,113784.0,1.0,0.0,1.0,0.0,0.0,0.0,0.0,0.0,1.0,0.0,1.0,0.0,1.0
145,533.928571428571,560.0,477.083333333333,521.666666666667,113784.0,1.0,0.0,0.0,1.0,0.0,0.0,0.0,0.0,1.0,0.0,1.0,0.0,1.0
146,517.941176470588,552.647058823529,468.518518518519,522.962962962963,113784.0,1.0,0.0,0.0,0.0,1.0,0.0,0.0,0.0,1.0,0.0,1.0,0.0,1.0
147,552.105263157895,572.105263157895,520.0,548.75,113784.0,1.0,0.0,0.0,0.0,0.0,1.0,0.0,0.0,1.0,0.0,1.0,0.0,1.0
148,556.621621621622,579.189189189189,502.338709677419,547.822580645161,113784.0,1.0,0.0,0.0,0.0,0.0,0.0,1.0,0.0,1.0,0.0,1.0,0.0,1.0
149,628.75,586.666666666667,,,113784.0,0.0,1.0,1.0,0.0,0.0,0.0,0.0,0.0,1.0,0.0,1.0,0.0,1.0
150,541.176470588235,542.352941176471,489.5,503.5,113784.0,0.0,1.0,0.0,1.0,0.0,0.0,0.0,0.0,1.0,0.0,1.0,0.0,1.0
151,540.25641025641,563.589743589744,494.0,527.142857142857,113784.0,0.0,1.0,0.0,0.0,1.0,0.0,0.0,0.0,1.0,0.0,1.0,0.0,1.0
152,602.941176470588,619.411764705882,,,113784.0,0.0,1.0,0.0,0.0,0.0,1.0,0.0,0.0,1.0,0.0,1.0,0.0,1.0
153,557.575757575758,569.151515151515,517.777777777778,524.236111111111,113784.0,0.0,1.0,0.0,0.0,0.0,0.0,1.0,0.0,1.0,0.0,1.0,0.0,1.0
154,652.641509433962,626.037735849057,598.378378378378,594.864864864865,118911.0,1.0,0.0,1.0,0.0,0.0,0.0,0.0,0.0,1.0,0.0,1.0,0.0,1.0
155,590.434782608696,590.869565217391,529.411764705882,580.0,118911.0,1.0,0.0,0.0,0.0,1.0,0.0,0.0,0.0,1.0,0.0,1.0,0.0,1.0
156,580.0,598.260869565217,548.636363636364,580.454545454545,118911.0,1.0,0.0,0.0,0.0,0.0,1.0,0.0,0.0,1.0,0.0,1.0,0.0,1.0
157,621.745283018868,624.764150943396,566.090909090909,578.818181818182,118911.0,1.0,0.0,0.0,0.0,0.0,0.0,1.0,0.0,1.0,0.0,1.0,0.0,1.0
158,685.483870967742,641.290322580645,648.571428571429,608.571428571429,118911.0,0.0,1.0,1.0,0.0,0.0,0.0,0.0,0.0,1.0,0.0,1.0,0.0,1.0
159,624.8,604.0,579.411764705882,576.470588235294,118911.0,0.0,1.0,0.0,0.0,1.0,0.0,0.0,0.0,1.0,0.0,1.0,0.0,1.0
160,637.792207792208,618.874458874459,584.044444444444,562.755555555556,118911.0,0.0,1.0,0.0,0.0,0.0,0.0,1.0,0.0,1.0,0.0,1.0,0.0,1.0
161,457.777777777778,470.555555555556,,,92390.0,1.0,0.0,0.0,0.0,1.0,0.0,0.0,1.0,0.0,0.0,1.0,0.0,1.0
162,504.615384615385,518.205128205128,475.714285714286,502.142857142857,92390.0,1.0,0.0,0.0,0.0,1.0,0.0,0.0,0.0,1.0,0.0,1.0,0.0,1.0
163,539.090909090909,586.818181818182,507.222222222222,545.0,92390.0,1.0,0.0,0.0,0.0,0.0,1.0,0.0,0.0,1.0,0.0,1.0,0.0,1.0
164,536.727272727273,561.727272727273,496.483516483516,521.868131868132,92390.0,1.0,0.0,0.0,0.0,0.0,0.0,1.0,0.0,1.0,0.0,1.0,0.0,1.0
165,480.625,486.25,462.222222222222,461.111111111111,92390.0,0.0,1.0,0.0,1.0,0.0,0.0,0.0,1.0,0.0,0.0,1.0,0.0,1.0
166,479.5,486.5,,,92390.0,0.0,1.0,0.0,1.0,0.0,0.0,0.0,0.0,1.0,0.0,1.0,0.0,1.0
167,476.0,500.5,446.666666666667,472.777777777778,92390.0,0.0,1.0,0.0,0.0,1.0,0.0,0.0,1.0,0.0,0.0,1.0,0.0,1.0
168,518.571428571429,535.0,460.47619047619,464.761904761905,92390.0,0.0,1.0,0.0,0.0,1.0,0.0,0.0,0.0,1.0,0.0,1.0,0.0,1.0
169,563.75,555.416666666667,493.75,516.875,92390.0,0.0,1.0,0.0,0.0,0.0,0.0,1.0,1.0,0.0,0.0,1.0,0.0,1.0
170,427.222222222222,459.444444444444,384.705882352941,425.882352941176,92390.0,0.0,1.0,0.0,0.0,0.0,0.0,1.0,0.0,1.0,0.0,1.0,1.0,0.0
171,568.119658119658,561.025641025641,516.530612244898,515.102040816327,92390.0,0.0,1.0,0.0,0.0,0.0,0.0,1.0,0.0,1.0,0.0,1.0,0.0,1.0
172,659.705882352941,648.529411764706,610.769230769231,623.076923076923,113784.0,1.0,0.0,1.0,0.0,0.0,0.0,0.0,0.0,1.0,0.0,1.0,0.0,1.0
173,563.076923076923,572.692307692308,533.157894736842,552.631578947368,113784.0,1.0,0.0,0.0,0.0,1.0,0.0,0.0,0.0,1.0,0.0,1.0,0.0,1.0
174,565.0,581.0,525.625,553.75,113784.0,1.0,0.0,0.0,0.0,0.0,1.0,0.0,0.0,1.0,0.0,1.0,0.0,1.0
175,583.417721518987,603.670886075949,537.071428571429,565.357142857143,113784.0,1.0,0.0,0.0,0.0,0.0,0.0,1.0,0.0,1.0,0.0,1.0,0.0,1.0
176,606.521739130435,591.304347826087,,,113784.0,0.0,1.0,1.0,0.0,0.0,0.0,0.0,0.0,1.0,0.0,1.0,0.0,1.0
177,503.888888888889,510.555555555556,,,113784.0,0.0,1.0,0.0,1.0,0.0,0.0,0.0,0.0,1.0,0.0,1.0,0.0,1.0
178,600.8,592.0,548.947368421053,540.526315789474,113784.0,0.0,1.0,0.0,0.0,1.0,0.0,0.0,0.0,1.0,0.0,1.0,0.0,1.0
179,562.777777777778,560.0,506.666666666667,505.238095238095,113784.0,0.0,1.0,0.0,0.0,0.0,0.0,1.0,1.0,0.0,0.0,1.0,0.0,1.0
180,586.181818181818,577.515151515152,532.916666666667,534.583333333333,113784.0,0.0,1.0,0.0,0.0,0.0,0.0,1.0,0.0,1.0,0.0,1.0,0.0,1.0
181,481.714285714286,510.571428571429,440.555555555556,468.888888888889,49744.0,1.0,0.0,0.0,1.0,0.0,0.0,0.0,1.0,0.0,0.0,1.0,0.0,1.0
182,421.111111111111,438.333333333333,425.135135135135,441.891891891892,49744.0,1.0,0.0,0.0,0.0,1.0,0.0,0.0,1.0,0.0,1.0,0.0,0.0,1.0
183,490.625,486.25,464.444444444444,462.222222222222,49744.0,1.0,0.0,0.0,0.0,1.0,0.0,0.0,1.0,0.0,0.0,1.0,0.0,1.0
184,538.421052631579,524.736842105263,,,49744.0,1.0,0.0,0.0,0.0,1.0,0.0,0.0,0.0,1.0,0.0,1.0,0.0,1.0
185,542.5,543.75,477.058823529412,514.705882352941,49744.0,1.0,0.0,0.0,0.0,0.0,0.0,1.0,1.0,0.0,0.0,1.0,0.0,1.0
186,567.037037037037,571.111111111111,507.619047619048,548.095238095238,49744.0,1.0,0.0,0.0,0.0,0.0,0.0,1.0,0.0,1.0,0.0,1.0,0.0,1.0
187,485.714285714286,483.142857142857,428.529411764706,434.117647058824,49744.0,0.0,1.0,0.0,1.0,0.0,0.0,0.0,1.0,0.0,0.0,1.0,0.0,1.0
188,463.636363636364,468.181818181818,,,49744.0,0.0,1.0,0.0,1.0,0.0,0.0,0.0,0.0,1.0,0.0,1.0,0.0,1.0
189,447.058823529412,421.764705882353,442.5,431.111111111111,49744.0,0.0,1.0,0.0,0.0,1.0,0.0,0.0,1.0,0.0,1.0,0.0,0.0,1.0
190,531.6,516.8,446.666666666667,448.095238095238,49744.0,0.0,1.0,0.0,0.0,1.0,0.0,0.0,1.0,0.0,0.0,1.0,0.0,1.0
191,511.578947368421,496.315789473684,,,49744.0,0.0,1.0,0.0,0.0,1.0,0.0,0.0,0.0,1.0,0.0,1.0,0.0,1.0
192,589.615384615385,592.307692307692,519.615384615385,533.076923076923,49744.0,0.0,1.0,0.0,0.0,0.0,0.0,1.0,0.0,1.0,0.0,1.0,0.0,1.0
193,494.0,505.5,,,92390.0,1.0,0.0,0.0,1.0,0.0,0.0,0.0,0.0,1.0,0.0,1.0,0.0,1.0
194,454.705882352941,490.588235294118,451.363636363636,481.818181818182,92390.0,1.0,0.0,0.0,0.0,1.0,0.0,0.0,1.0,0.0,0.0,1.0,0.0,1.0
195,525.0,536.0,,,92390.0,1.0,0.0,0.0,0.0,1.0,0.0,0.0,0.0,1.0,0.0,1.0,0.0,1.0
196,547.586206896552,580.862068965517,507.843137254902,547.647058823529,92390.0,1.0,0.0,0.0,0.0,0.0,0.0,1.0,0.0,1.0,0.0,1.0,0.0,1.0
197,564.5,550.5,518.333333333333,483.888888888889,92390.0,0.0,1.0,0.0,0.0,1.0,0.0,0.0,0.0,1.0,0.0,1.0,0.0,1.0
198,553.20987654321,553.086419753086,513.888888888889,520.138888888889,92390.0,0.0,1.0,0.0,0.0,0.0,0.0,1.0,0.0,1.0,0.0,1.0,0.0,1.0
199,537.058823529412,567.058823529412,500.0,531.875,76185.0,1.0,0.0,0.0,0.0,1.0,0.0,0.0,0.0,1.0,0.0,1.0,0.0,1.0
200,593.298969072165,603.40206185567,562.2,570.4,76185.0,1.0,0.0,0.0,0.0,0.0,0.0,1.0,0.0,1.0,0.0,1.0,0.0,1.0
201,624.257425742574,598.811881188119,580.851063829787,546.276595744681,76185.0,0.0,1.0,0.0,0.0,0.0,0.0,1.0,0.0,1.0,0.0,1.0,0.0,1.0
202,580.625,621.875,559.166666666667,595.0,76185.0,1.0,0.0,0.0,0.0,0.0,0.0,1.0,0.0,1.0,0.0,1.0,0.0,1.0
203,669.52380952381,667.619047619048,603.0,615.0,76185.0,0.0,1.0,0.0,0.0,0.0,0.0,1.0,0.0,1.0,0.0,1.0,0.0,1.0
204,522.5,540.5,472.105263157895,507.894736842105,117369.0,1.0,0.0,0.0,0.0,0.0,0.0,1.0,0.0,1.0,0.0,1.0,0.0,1.0
205,529.473684210526,550.526315789474,,,60413.0,1.0,0.0,0.0,0.0,1.0,0.0,0.0,0.0,1.0,0.0,1.0,0.0,1.0
206,482.727272727273,526.818181818182,442.592592592593,477.777777777778,60413.0,1.0,0.0,0.0,0.0,0.0,0.0,1.0,1.0,0.0,0.0,1.0,0.0,1.0
207,532.898550724638,572.463768115942,481.791044776119,527.611940298507,60413.0,1.0,0.0,0.0,0.0,0.0,0.0,1.0,0.0,1.0,0.0,1.0,0.0,1.0
208,523.125,515.625,453.75,456.25,60413.0,0.0,1.0,0.0,0.0,1.0,0.0,0.0,1.0,0.0,0.0,1.0,0.0,1.0
209,503.846153846154,517.692307692308,459.655172413793,478.275862068966,60413.0,0.0,1.0,0.0,0.0,0.0,0.0,1.0,1.0,0.0,0.0,1.0,0.0,1.0
210,539.423076923077,555.384615384615,514.117647058824,531.764705882353,60413.0,0.0,1.0,0.0,0.0,0.0,0.0,1.0,0.0,1.0,0.0,1.0,0.0,1.0
211,482.105263157895,497.368421052632,,,61831.0,1.0,0.0,0.0,0.0,1.0,0.0,0.0,1.0,0.0,0.0,1.0,0.0,1.0
212,491.818181818182,503.636363636364,455.882352941176,509.411764705882,61831.0,1.0,0.0,0.0,0.0,1.0,0.0,0.0,0.0,1.0,0.0,1.0,0.0,1.0
213,513.888888888889,553.888888888889,469.375,521.25,61831.0,1.0,0.0,0.0,0.0,0.0,1.0,0.0,0.0,1.0,0.0,1.0,0.0,1.0
214,486.538461538462,508.076923076923,467.333333333333,490.666666666667,61831.0,1.0,0.0,0.0,0.0,0.0,0.0,1.0,1.0,0.0,0.0,1.0,0.0,1.0
215,531.282051282051,540.769230769231,485.875,515.375,61831.0,1.0,0.0,0.0,0.0,0.0,0.0,1.0,0.0,1.0,0.0,1.0,0.0,1.0
216,539.6,510.0,492.962962962963,466.666666666667,61831.0,0.0,1.0,0.0,0.0,1.0,0.0,0.0,0.0,1.0,0.0,1.0,0.0,1.0
217,513.888888888889,490.0,473.333333333333,468.333333333333,61831.0,0.0,1.0,0.0,0.0,0.0,0.0,1.0,1.0,0.0,0.0,1.0,0.0,1.0
218,545.113636363636,530.795454545455,498.627450980392,492.647058823529,61831.0,0.0,1.0,0.0,0.0,0.0,0.0,1.0,0.0,1.0,0.0,1.0,0.0,1.0
219,370.555555555556,403.333333333333,401.851851851852,414.444444444444,47403.0,1.0,0.0,0.0,0.0,1.0,0.0,0.0,1.0,0.0,1.0,0.0,0.0,1.0
220,447.037037037037,462.222222222222,414.347826086957,420.434782608696,47403.0,1.0,0.0,0.0,0.0,1.0,0.0,0.0,1.0,0.0,0.0,1.0,0.0,1.0
221,470.555555555556,522.222222222222,,,47403.0,1.0,0.0,0.0,0.0,0.0,0.0,1.0,0.0,1.0,0.0,1.0,0.0,1.0
222,447.368421052632,450.526315789474,,,47403.0,0.0,1.0,0.0,0.0,1.0,0.0,0.0,1.0,0.0,0.0,1.0,0.0,1.0
223,450.882352941176,472.352941176471,430.810810810811,449.72972972973,47403.0,0.0,1.0,0.0,0.0,0.0,0.0,1.0,1.0,0.0,0.0,1.0,0.0,1.0
224,455.384615384615,482.692307692308,419.5,442.0,49496.0,1.0,0.0,0.0,0.0,1.0,0.0,0.0,1.0,0.0,0.0,1.0,0.0,1.0
225,477.916666666667,480.416666666667,461.875,495.625,49496.0,1.0,0.0,0.0,0.0,1.0,0.0,0.0,0.0,1.0,0.0,1.0,0.0,1.0
226,493.243243243243,523.513513513514,430.789473684211,494.473684210526,49496.0,1.0,0.0,0.0,0.0,0.0,0.0,1.0,1.0,0.0,0.0,1.0,0.0,1.0
227,527.03125,562.5,479.375,529.6875,49496.0,1.0,0.0,0.0,0.0,0.0,0.0,1.0,0.0,1.0,0.0,1.0,0.0,1.0
228,479.411764705882,479.411764705882,441.875,431.25,49496.0,0.0,1.0,0.0,0.0,1.0,0.0,0.0,1.0,0.0,0.0,1.0,0.0,1.0
229,527.826086956522,550.434782608696,481.052631578947,487.368421052632,49496.0,0.0,1.0,0.0,0.0,1.0,0.0,0.0,0.0,1.0,0.0,1.0,0.0,1.0
230,520.0,517.647058823529,484.545454545455,492.272727272727,49496.0,0.0,1.0,0.0,0.0,0.0,0.0,1.0,1.0,0.0,0.0,1.0,0.0,1.0
231,568.260869565217,575.869565217391,505.833333333333,503.541666666667,49496.0,0.0,1.0,0.0,0.0,0.0,0.0,1.0,0.0,1.0,0.0,1.0,0.0,1.0
232,533.888888888889,561.666666666667,,,46949.0,1.0,0.0,0.0,0.0,0.0,0.0,1.0,0.0,1.0,0.0,1.0,0.0,1.0
233,507.352941176471,533.235294117647,475.757575757576,502.121212121212,53020.0,1.0,0.0,0.0,0.0,0.0,0.0,1.0,0.0,1.0,0.0,1.0,0.0,1.0
234,509.259259259259,492.962962962963,478.0,451.6,53020.0,0.0,1.0,0.0,0.0,0.0,0.0,1.0,0.0,1.0,0.0,1.0,0.0,1.0
235,426.326530612245,419.591836734694,417.049180327869,406.55737704918,41218.0,1.0,0.0,0.0,0.0,1.0,0.0,0.0,1.0,0.0,1.0,0.0,0.0,1.0
236,440.0,454.545454545455,417.058823529412,426.470588235294,41218.0,1.0,0.0,0.0,0.0,1.0,0.0,0.0,1.0,0.0,0.0,1.0,0.0,1.0
237,426.666666666667,413.611111111111,420.806451612903,397.903225806452,41218.0,0.0,1.0,0.0,0.0,1.0,0.0,0.0,1.0,0.0,1.0,0.0,0.0,1.0
238,460.857142857143,460.285714285714,430.416666666667,408.333333333333,41218.0,0.0,1.0,0.0,0.0,1.0,0.0,0.0,1.0,0.0,0.0,1.0,0.0,1.0
239,437.777777777778,463.333333333333,422.413793103448,433.793103448276,51140.0,1.0,0.0,0.0,0.0,1.0,0.0,0.0,1.0,0.0,1.0,0.0,0.0,1.0
240,433.157894736842,447.894736842105,408.8,390.0,51140.0,0.0,1.0,0.0,0.0,1.0,0.0,0.0,1.0,0.0,1.0,0.0,0.0,1.0
241,435.2,442.0,423.421052631579,441.052631578947,75067.0,1.0,0.0,0.0,0.0,1.0,0.0,0.0,1.0,0.0,1.0,0.0,0.0,1.0
242,452.5,428.75,421.363636363636,412.727272727273,75067.0,0.0,1.0,0.0,0.0,1.0,0.0,0.0,1.0,0.0,1.0,0.0,0.0,1.0
243,417.777777777778,431.111111111111,428.709677419355,406.129032258065,45593.0,1.0,0.0,0.0,0.0,1.0,0.0,0.0,1.0,0.0,1.0,0.0,0.0,1.0
244,461.666666666667,431.666666666667,438.846153846154,390.0,45593.0,0.0,1.0,0.0,0.0,1.0,0.0,0.0,1.0,0.0,1.0,0.0,0.0,1.0
245,584.736842105263,571.578947368421,548.333333333333,561.111111111111,109722.0,0.0,1.0,0.0,0.0,0.0,0.0,1.0,0.0,1.0,0.0,1.0,0.0,1.0
246,576.111111111111,586.111111111111,,,90430.0,1.0,0.0,0.0,0.0,1.0,0.0,0.0,0.0,1.0,0.0,1.0,0.0,1.0
247,605.090909090909,638.727272727273,555.737704918033,605.573770491803,90430.0,1.0,0.0,0.0,0.0,0.0,0.0,1.0,0.0,1.0,0.0,1.0,0.0,1.0
248,572.631578947368,616.842105263158,525.405405405405,566.486486486486,90430.0,0.0,1.0,0.0,0.0,0.0,0.0,1.0,0.0,1.0,0.0,1.0,0.0,1.0
249,411.0,436.5,418.260869565217,394.782608695652,72969.0,1.0,0.0,0.0,0.0,1.0,0.0,0.0,1.0,0.0,1.0,0.0,0.0,1.0
250,455.294117647059,424.117647058824,422.0,380.0,72969.0,0.0,1.0,0.0,0.0,1.0,0.0,0.0,1.0,0.0,1.0,0.0,0.0,1.0
251,484.074074074074,450.37037037037,473.823529411765,443.235294117647,55701.0,1.0,0.0,0.0,0.0,1.0,0.0,0.0,1.0,0.0,1.0,0.0,0.0,1.0
252,518.235294117647,475.294117647059,493.333333333333,445.555555555556,55701.0,0.0,1.0,0.0,0.0,1.0,0.0,0.0,1.0,0.0,1.0,0.0,0.0,1.0
253,550.0,506.875,,,55701.0,0.0,1.0,0.0,0.0,1.0,0.0,0.0,1.0,0.0,0.0,1.0,0.0,1.0
254,450.833333333333,464.583333333333,439.259259259259,433.333333333333,129514.0,1.0,0.0,0.0,1.0,0.0,0.0,0.0,1.0,0.0,0.0,1.0,0.0,1.0
255,460.588235294118,495.294117647059,433.478260869565,470.0,129514.0,1.0,0.0,0.0,1.0,0.0,0.0,0.0,0.0,1.0,0.0,1.0,0.0,1.0
256,486.363636363636,503.181818181818,,,129514.0,1.0,0.0,0.0,0.0,1.0,0.0,0.0,1.0,0.0,0.0,1.0,0.0,1.0
257,514.583333333333,542.083333333333,477.272727272727,509.545454545455,129514.0,1.0,0.0,0.0,0.0,1.0,0.0,0.0,0.0,1.0,0.0,1.0,0.0,1.0
258,591.428571428571,586.666666666667,539.52380952381,560.47619047619,129514.0,1.0,0.0,0.0,0.0,0.0,1.0,0.0,0.0,1.0,0.0,1.0,0.0,1.0
259,601.746031746032,631.825396825397,544.402985074627,583.358208955224,129514.0,1.0,0.0,0.0,0.0,0.0,0.0,1.0,0.0,1.0,0.0,1.0,0.0,1.0
260,475.294117647059,482.941176470588,437.916666666667,430.416666666667,129514.0,0.0,1.0,0.0,1.0,0.0,0.0,0.0,1.0,0.0,0.0,1.0,0.0,1.0
261,516.8,531.6,485.454545454545,503.636363636364,129514.0,0.0,1.0,0.0,0.0,1.0,0.0,0.0,0.0,1.0,0.0,1.0,0.0,1.0
262,589.090909090909,584.545454545455,549.166666666667,540.0,129514.0,0.0,1.0,0.0,0.0,0.0,1.0,0.0,0.0,1.0,0.0,1.0,0.0,1.0
263,613.709677419355,622.903225806452,561.333333333333,565.555555555556,129514.0,0.0,1.0,0.0,0.0,0.0,0.0,1.0,0.0,1.0,0.0,1.0,0.0,1.0
264,611.891891891892,640.27027027027,555.483870967742,596.774193548387,68884.0,1.0,0.0,0.0,0.0,0.0,0.0,1.0,0.0,1.0,0.0,1.0,0.0,1.0
265,432.777777777778,435.0,443.4375,432.1875,68884.0,0.0,1.0,0.0,0.0,1.0,0.0,0.0,1.0,0.0,1.0,0.0,0.0,1.0
266,634.117647058824,633.823529411765,581.428571428571,593.142857142857,68884.0,0.0,1.0,0.0,0.0,0.0,0.0,1.0,0.0,1.0,0.0,1.0,0.0,1.0
267,426.521739130435,420.0,417.058823529412,390.294117647059,45593.0,0.0,1.0,0.0,0.0,1.0,0.0,0.0,1.0,0.0,1.0,0.0,0.0,1.0
268,432.857142857143,453.214285714286,412.608695652174,428.695652173913,69170.0,1.0,0.0,0.0,0.0,1.0,0.0,0.0,1.0,0.0,0.0,1.0,0.0,1.0
269,456.842105263158,475.263157894737,,,69170.0,1.0,0.0,0.0,0.0,1.0,0.0,0.0,0.0,1.0,0.0,1.0,0.0,1.0
270,449.655172413793,463.103448275862,413.076923076923,410.0,69170.0,0.0,1.0,0.0,0.0,1.0,0.0,0.0,1.0,0.0,0.0,1.0,0.0,1.0
271,457.5,473.5,,,69170.0,0.0,1.0,0.0,0.0,1.0,0.0,0.0,0.0,1.0,0.0,1.0,0.0,1.0
272,470.625,470.625,441.428571428571,472.857142857143,42351.0,1.0,0.0,0.0,0.0,1.0,0.0,0.0,1.0,0.0,1.0,0.0,0.0,1.0
273,473.5,468.0,443.913043478261,466.95652173913,42351.0,0.0,1.0,0.0,0.0,1.0,0.0,0.0,1.0,0.0,1.0,0.0,0.0,1.0
274,494.761904761905,487.142857142857,492.758620689655,517.241379310345,72969.0,1.0,0.0,0.0,0.0,1.0,0.0,0.0,1.0,0.0,1.0,0.0,0.0,1.0
275,571.764705882353,560.588235294118,,,72969.0,1.0,0.0,0.0,0.0,1.0,0.0,0.0,1.0,0.0,0.0,1.0,0.0,1.0
276,497.0,488.0,481.5,472.25,72969.0,0.0,1.0,0.0,0.0,1.0,0.0,0.0,1.0,0.0,1.0,0.0,0.0,1.0
277,390.0,383.125,416.521739130435,409.565217391304,45593.0,0.0,1.0,0.0,0.0,1.0,0.0,0.0,1.0,0.0,1.0,0.0,0.0,1.0
278,426.363636363636,441.818181818182,420.4,396.0,75067.0,1.0,0.0,0.0,0.0,1.0,0.0,0.0,1.0,0.0,1.0,0.0,0.0,1.0
279,445.625,480.0,412.666666666667,419.666666666667,75067.0,1.0,0.0,0.0,0.0,1.0,0.0,0.0,1.0,0.0,0.0,1.0,0.0,1.0
280,450.526315789474,442.105263157895,435.6,396.8,75067.0,0.0,1.0,0.0,0.0,1.0,0.0,0.0,1.0,0.0,1.0,0.0,0.0,1.0
281,445.454545454545,437.272727272727,378.823529411765,381.764705882353,75067.0,0.0,1.0,0.0,0.0,1.0,0.0,0.0,1.0,0.0,0.0,1.0,0.0,1.0
282,513.75,529.375,,,75067.0,0.0,1.0,0.0,0.0,1.0,0.0,0.0,0.0,1.0,0.0,1.0,0.0,1.0
283,560.526315789474,622.105263157895,538.636363636364,590.454545454545,155777.0,1.0,0.0,0.0,0.0,0.0,0.0,1.0,0.0,1.0,0.0,1.0,0.0,1.0
284,607.894736842105,631.052631578947,558.947368421053,603.684210526316,155777.0,0.0,1.0,0.0,0.0,0.0,0.0,1.0,0.0,1.0,0.0,1.0,0.0,1.0
285,429.473684210526,429.473684210526,442.0,432.666666666667,102043.0,1.0,0.0,0.0,0.0,1.0,0.0,0.0,1.0,0.0,1.0,0.0,0.0,1.0
286,495.6,514.8,,,102043.0,1.0,0.0,0.0,0.0,1.0,0.0,0.0,1.0,0.0,0.0,1.0,0.0,1.0
287,541.6,585.0,487.6,544.2,102043.0,1.0,0.0,0.0,0.0,0.0,0.0,1.0,0.0,1.0,0.0,1.0,0.0,1.0
288,480.0,456.111111111111,435.0,436.875,102043.0,0.0,1.0,0.0,0.0,1.0,0.0,0.0,1.0,0.0,1.0,0.0,0.0,1.0
289,490.5,472.0,,,102043.0,0.0,1.0,0.0,0.0,1.0,0.0,0.0,1.0,0.0,0.0,1.0,0.0,1.0
290,580.294117647059,576.176470588235,525.0,520.0,102043.0,0.0,1.0,0.0,0.0,0.0,0.0,1.0,0.0,1.0,0.0,1.0,0.0,1.0
291,461.935483870968,445.161290322581,436.829268292683,434.390243902439,41218.0,1.0,0.0,0.0,0.0,1.0,0.0,0.0,1.0,0.0,1.0,0.0,0.0,1.0
292,445.789473684211,429.473684210526,437.543859649123,414.736842105263,41218.0,0.0,1.0,0.0,0.0,1.0,0.0,0.0,1.0,0.0,1.0,0.0,0.0,1.0
293,571.052631578947,554.736842105263,,,41218.0,0.0,1.0,0.0,0.0,1.0,0.0,0.0,1.0,0.0,0.0,1.0,0.0,1.0
294,581.052631578947,616.315789473684,524.736842105263,566.315789473684,96190.0,1.0,0.0,0.0,0.0,0.0,0.0,1.0,0.0,1.0,0.0,1.0,0.0,1.0
295,594.634146341463,606.585365853659,550.681818181818,565.681818181818,96190.0,0.0,1.0,0.0,0.0,0.0,0.0,1.0,0.0,1.0,0.0,1.0,0.0,1.0
296,430.526315789474,414.210526315789,421.363636363636,402.727272727273,37418.0,0.0,1.0,0.0,0.0,1.0,0.0,0.0,1.0,0.0,1.0,0.0,0.0,1.0
297,409.583333333333,394.166666666667,403.571428571429,408.214285714286,37418.0,1.0,0.0,0.0,0.0,1.0,0.0,0.0,1.0,0.0,1.0,0.0,0.0,1.0
298,445.0,420.833333333333,424.666666666667,399.666666666667,37418.0,0.0,1.0,0.0,0.0,1.0,0.0,0.0,1.0,0.0,1.0,0.0,0.0,1.0
299,526.875,538.125,,,116023.0,1.0,0.0,0.0,0.0,1.0,0.0,0.0,0.0,1.0,0.0,1.0,0.0,1.0
300,518.489583333333,547.083333333333,487.64367816092,520.0,116023.0,1.0,0.0,0.0,0.0,0.0,0.0,1.0,0.0,1.0,0.0,1.0,0.0,1.0
301,530.869565217391,505.652173913043,482.692307692308,480.384615384615,116023.0,0.0,1.0,0.0,0.0,1.0,0.0,0.0,0.0,1.0,0.0,1.0,0.0,1.0
302,440.0,468.421052631579,436.470588235294,444.705882352941,116023.0,0.0,1.0,0.0,0.0,0.0,0.0,1.0,0.0,1.0,0.0,1.0,1.0,0.0
303,544.393063583815,547.745664739884,504.14364640884,502.265193370166,116023.0,0.0,1.0,0.0,0.0,0.0,0.0,1.0,0.0,1.0,0.0,1.0,0.0,1.0
304,526.0,530.0,482.5,506.428571428571,114291.0,1.0,0.0,0.0,0.0,1.0,0.0,0.0,0.0,1.0,0.0,1.0,0.0,1.0
305,549.826589595376,553.988439306358,505.963855421687,522.228915662651,114291.0,1.0,0.0,0.0,0.0,0.0,0.0,1.0,0.0,1.0,0.0,1.0,0.0,1.0
306,568.260869565217,551.304347826087,528.947368421053,516.315789473684,114291.0,0.0,1.0,0.0,0.0,1.0,0.0,0.0,0.0,1.0,0.0,1.0,0.0,1.0
307,444.375,448.75,405.0,408.75,114291.0,0.0,1.0,0.0,0.0,0.0,0.0,1.0,0.0,1.0,0.0,1.0,1.0,0.0
308,567.662337662338,560.324675324675,516.225165562914,505.099337748344,114291.0,0.0,1.0,0.0,0.0,0.0,0.0,1.0,0.0,1.0,0.0,1.0,0.0,1.0
309,523.684210526316,514.210526315789,,,91548.0,1.0,0.0,0.0,0.0,1.0,0.0,0.0,0.0,1.0,0.0,1.0,0.0,1.0
310,539.548387096774,540.774193548387,494.081632653061,514.285714285714,91548.0,1.0,0.0,0.0,0.0,0.0,0.0,1.0,0.0,1.0,0.0,1.0,0.0,1.0
311,565.416666666667,552.083333333333,511.764705882353,494.117647058824,91548.0,0.0,1.0,0.0,0.0,1.0,0.0,0.0,0.0,1.0,0.0,1.0,0.0,1.0
312,554.159292035398,546.637168141593,516.016260162602,501.707317073171,91548.0,0.0,1.0,0.0,0.0,0.0,0.0,1.0,0.0,1.0,0.0,1.0,0.0,1.0
313,524.117647058824,542.352941176471,,,117202.0,1.0,0.0,0.0,0.0,1.0,0.0,0.0,0.0,1.0,0.0,1.0,0.0,1.0
314,570.825688073395,578.440366972477,510.510204081633,537.244897959184,117202.0,1.0,0.0,0.0,0.0,0.0,0.0,1.0,0.0,1.0,0.0,1.0,0.0,1.0
315,568.230769230769,561.230769230769,518.372093023256,505.658914728682,117202.0,0.0,1.0,0.0,0.0,0.0,0.0,1.0,0.0,1.0,0.0,1.0,0.0,1.0
316,373.888888888889,413.333333333333,,,96200.0,1.0,0.0,0.0,0.0,1.0,0.0,0.0,1.0,0.0,0.0,1.0,0.0,1.0
317,513.75,517.5,,,114291.0,1.0,0.0,0.0,0.0,1.0,0.0,0.0,0.0,1.0,0.0,1.0,0.0,1.0
318,523.406593406593,551.703296703297,480.730337078652,518.932584269663,114291.0,1.0,0.0,0.0,0.0,0.0,0.0,1.0,0.0,1.0,0.0,1.0,0.0,1.0
319,535.833333333333,534.583333333333,472.307692307692,465.0,114291.0,0.0,1.0,0.0,0.0,1.0,0.0,0.0,0.0,1.0,0.0,1.0,0.0,1.0
320,538.626373626374,541.153846153846,493.661202185792,491.639344262295,114291.0,0.0,1.0,0.0,0.0,0.0,0.0,1.0,0.0,1.0,0.0,1.0,0.0,1.0
321,566.102564102564,583.641025641026,519.242424242424,545.10101010101,126979.0,1.0,0.0,0.0,0.0,0.0,0.0,1.0,0.0,1.0,0.0,1.0,0.0,1.0
322,608.0,588.0,529.047619047619,521.904761904762,126979.0,0.0,1.0,0.0,0.0,1.0,0.0,0.0,0.0,1.0,0.0,1.0,0.0,1.0
323,586.79347826087,575.380434782609,536.277777777778,521.055555555556,126979.0,0.0,1.0,0.0,0.0,0.0,0.0,1.0,0.0,1.0,0.0,1.0,0.0,1.0
324,541.505376344086,555.05376344086,500.0,529.0,112653.0,1.0,0.0,0.0,0.0,0.0,0.0,1.0,0.0,1.0,0.0,1.0,0.0,1.0
325,537.291666666667,523.020833333333,488.260869565217,483.913043478261,112653.0,0.0,1.0,0.0,0.0,0.0,0.0,1.0,0.0,1.0,0.0,1.0,0.0,1.0
326,575.965909090909,605.056818181818,517.03488372093,559.476744186047,116382.0,1.0,0.0,0.0,0.0,0.0,0.0,1.0,0.0,1.0,0.0,1.0,0.0,1.0
327,632.222222222222,596.111111111111,,,116382.0,0.0,1.0,1.0,0.0,0.0,0.0,0.0,0.0,1.0,0.0,1.0,0.0,1.0
328,575.0,586.818181818182,529.52380952381,527.619047619048,116382.0,0.0,1.0,0.0,0.0,1.0,0.0,0.0,0.0,1.0,0.0,1.0,0.0,1.0
329,578.13829787234,581.648936170213,534.597701149425,533.965517241379,116382.0,0.0,1.0,0.0,0.0,0.0,0.0,1.0,0.0,1.0,0.0,1.0,0.0,1.0
330,576.086956521739,584.347826086957,535.238095238095,538.571428571429,116382.0,1.0,0.0,0.0,0.0,0.0,0.0,1.0,0.0,1.0,0.0,1.0,0.0,1.0
331,615.5,596.0,532.857142857143,545.714285714286,116382.0,0.0,1.0,0.0,0.0,0.0,0.0,1.0,0.0,1.0,0.0,1.0,0.0,1.0
332,599.090909090909,615.0,,,115027.0,1.0,0.0,0.0,0.0,0.0,0.0,1.0,0.0,1.0,0.0,1.0,0.0,1.0
333,630.3125,629.21875,,,115027.0,0.0,1.0,0.0,0.0,0.0,0.0,1.0,0.0,1.0,0.0,1.0,0.0,1.0
334,566.086956521739,547.391304347826,495.454545454545,510.909090909091,115027.0,1.0,0.0,0.0,0.0,1.0,0.0,0.0,0.0,1.0,0.0,1.0,0.0,1.0
335,579.880952380952,577.321428571429,511.046511627907,532.325581395349,115027.0,1.0,0.0,0.0,0.0,0.0,0.0,1.0,0.0,1.0,0.0,1.0,0.0,1.0
336,543.04347826087,532.608695652174,492.631578947368,481.578947368421,115027.0,0.0,1.0,0.0,0.0,1.0,0.0,0.0,0.0,1.0,0.0,1.0,0.0,1.0
337,418.75,440.0,397.5,406.25,115027.0,0.0,1.0,0.0,0.0,0.0,0.0,1.0,0.0,1.0,0.0,1.0,1.0,0.0
338,585.290697674419,561.162790697674,520.872093023256,505.93023255814,115027.0,0.0,1.0,0.0,0.0,0.0,0.0,1.0,0.0,1.0,0.0,1.0,0.0,1.0
339,539.268292682927,579.878048780488,482.298850574713,532.758620689655,71818.0,1.0,0.0,0.0,0.0,0.0,0.0,1.0,0.0,1.0,0.0,1.0,0.0,1.0
340,575.396825396825,577.301587301587,513.870967741935,522.41935483871,71818.0,0.0,1.0,0.0,0.0,0.0,0.0,1.0,0.0,1.0,0.0,1.0,0.0,1.0
341,512.5,528.125,,,69788.0,1.0,0.0,0.0,0.0,1.0,0.0,0.0,0.0,1.0,0.0,1.0,0.0,1.0
342,518.947368421053,563.947368421053,476.176470588235,543.529411764706,69788.0,1.0,0.0,0.0,0.0,0.0,0.0,1.0,0.0,1.0,0.0,1.0,0.0,1.0
343,564.888888888889,563.555555555556,506.363636363636,509.090909090909,69788.0,0.0,1.0,0.0,0.0,0.0,0.0,1.0,0.0,1.0,0.0,1.0,0.0,1.0
344,487.2,514.0,,,91049.0,1.0,0.0,0.0,0.0,1.0,0.0,0.0,0.0,1.0,0.0,1.0,0.0,1.0
345,542.903225806452,599.354838709677,513.428571428571,565.714285714286,91049.0,1.0,0.0,0.0,0.0,0.0,0.0,1.0,0.0,1.0,0.0,1.0,0.0,1.0
346,521.578947368421,513.157894736842,,,91049.0,0.0,1.0,0.0,0.0,1.0,0.0,0.0,0.0,1.0,0.0,1.0,0.0,1.0
347,550.0,527.380952380952,503.095238095238,489.52380952381,91049.0,0.0,1.0,0.0,0.0,0.0,0.0,1.0,0.0,1.0,0.0,1.0,0.0,1.0
348,546.153846153846,567.307692307692,492.413793103448,515.51724137931,70156.0,1.0,0.0,0.0,0.0,0.0,0.0,1.0,0.0,1.0,0.0,1.0,0.0,1.0
349,512.972972972973,530.0,474.6875,466.25,70156.0,0.0,1.0,0.0,0.0,0.0,0.0,1.0,0.0,1.0,0.0,1.0,0.0,1.0
350,442.0,449.0,413.75,419.375,39952.0,1.0,0.0,0.0,0.0,1.0,0.0,0.0,1.0,0.0,0.0,1.0,0.0,1.0
351,525.882352941176,526.764705882353,468.235294117647,496.176470588235,68148.0,1.0,0.0,0.0,0.0,0.0,0.0,1.0,0.0,1.0,0.0,1.0,0.0,1.0
352,563.142857142857,547.428571428571,495.882352941176,510.294117647059,68148.0,0.0,1.0,0.0,0.0,0.0,0.0,1.0,0.0,1.0,0.0,1.0,0.0,1.0
353,500.704225352113,521.549295774648,465.714285714286,496.984126984127,91141.0,1.0,0.0,0.0,0.0,0.0,0.0,1.0,0.0,1.0,0.0,1.0,0.0,1.0
354,513.921568627451,515.686274509804,486.046511627907,484.883720930233,91141.0,0.0,1.0,0.0,0.0,0.0,0.0,1.0,0.0,1.0,0.0,1.0,0.0,1.0
355,524.347826086957,582.173913043478,501.739130434783,556.086956521739,69716.0,1.0,0.0,0.0,0.0,0.0,0.0,1.0,0.0,1.0,0.0,1.0,0.0,1.0
356,509.375,519.375,464.705882352941,451.176470588235,69716.0,0.0,1.0,0.0,0.0,0.0,0.0,1.0,0.0,1.0,0.0,1.0,0.0,1.0
357,470.588235294118,480.588235294118,462.823529411765,473.882352941176,82396.0,0.0,1.0,0.0,0.0,0.0,0.0,1.0,0.0,1.0,0.0,1.0,0.0,1.0
358,381.384615384615,414.615384615385,386.615384615385,405.846153846154,39597.0,1.0,0.0,0.0,0.0,1.0,0.0,0.0,1.0,0.0,0.0,1.0,0.0,1.0
359,388.148148148148,415.185185185185,396.923076923077,406.538461538462,39597.0,1.0,0.0,0.0,0.0,1.0,0.0,0.0,0.0,1.0,0.0,1.0,0.0,1.0
360,416.521739130435,451.95652173913,402.619047619048,451.190476190476,39597.0,1.0,0.0,0.0,0.0,0.0,0.0,1.0,1.0,0.0,0.0,1.0,0.0,1.0
361,434.090909090909,484.090909090909,413.611111111111,453.333333333333,39597.0,1.0,0.0,0.0,0.0,0.0,0.0,1.0,0.0,1.0,0.0,1.0,0.0,1.0
362,377.435897435897,408.461538461538,387.619047619048,386.904761904762,39597.0,0.0,1.0,0.0,0.0,1.0,0.0,0.0,1.0,0.0,0.0,1.0,0.0,1.0
363,409.6875,440.9375,,,39597.0,0.0,1.0,0.0,0.0,1.0,0.0,0.0,0.0,1.0,0.0,1.0,0.0,1.0
364,424.782608695652,447.173913043478,422.558139534884,429.53488372093,39597.0,0.0,1.0,0.0,0.0,0.0,0.0,1.0,1.0,0.0,0.0,1.0,0.0,1.0
365,427.735849056604,467.169811320755,418.965517241379,423.103448275862,39597.0,0.0,1.0,0.0,0.0,0.0,0.0,1.0,0.0,1.0,0.0,1.0,0.0,1.0
366,445.217391304348,480.869565217391,456.25,491.875,53060.0,1.0,0.0,0.0,0.0,1.0,0.0,0.0,1.0,0.0,0.0,1.0,0.0,1.0
367,481.0,509.0,485.0,511.875,53060.0,1.0,0.0,0.0,0.0,0.0,0.0,1.0,0.0,1.0,0.0,1.0,0.0,1.0
368,463.333333333333,473.333333333333,468.235294117647,455.294117647059,53060.0,0.0,1.0,0.0,0.0,1.0,0.0,0.0,1.0,0.0,0.0,1.0,0.0,1.0
369,445.714285714286,481.904761904762,,,53060.0,0.0,1.0,0.0,0.0,1.0,0.0,0.0,0.0,1.0,0.0,1.0,0.0,1.0
370,513.913043478261,523.478260869565,483.913043478261,484.782608695652,53060.0,0.0,1.0,0.0,0.0,0.0,0.0,1.0,0.0,1.0,0.0,1.0,0.0,1.0
371,573.125,568.75,482.34375,491.875,65877.0,0.0,1.0,0.0,0.0,0.0,0.0,1.0,0.0,1.0,0.0,1.0,0.0,1.0
372,470.0,493.888888888889,,,50732.0,1.0,0.0,0.0,0.0,0.0,0.0,1.0,1.0,0.0,0.0,1.0,0.0,1.0
373,468.125,523.125,455.294117647059,510.0,50732.0,1.0,0.0,0.0,0.0,0.0,0.0,1.0,0.0,1.0,0.0,1.0,0.0,1.0
374,508.8,526.0,487.586206896552,503.793103448276,80161.0,1.0,0.0,0.0,0.0,0.0,0.0,1.0,0.0,1.0,0.0,1.0,0.0,1.0
375,530.952380952381,515.714285714286,481.363636363636,492.272727272727,80161.0,0.0,1.0,0.0,0.0,0.0,0.0,1.0,0.0,1.0,0.0,1.0,0.0,1.0
376,451.0,475.5,,,57333.0,1.0,0.0,0.0,0.0,1.0,0.0,0.0,0.0,1.0,0.0,1.0,0.0,1.0
377,479.655172413793,506.896551724138,451.666666666667,497.666666666667,57333.0,1.0,0.0,0.0,0.0,0.0,0.0,1.0,0.0,1.0,0.0,1.0,0.0,1.0
378,459.411764705882,457.647058823529,,,57333.0,0.0,1.0,0.0,0.0,1.0,0.0,0.0,0.0,1.0,0.0,1.0,0.0,1.0
379,485.333333333333,492.0,463.928571428571,450.714285714286,57333.0,0.0,1.0,0.0,0.0,0.0,0.0,1.0,0.0,1.0,0.0,1.0,0.0,1.0
380,536.666666666667,567.0,493.421052631579,544.736842105263,68889.0,1.0,0.0,0.0,0.0,0.0,0.0,1.0,0.0,1.0,0.0,1.0,0.0,1.0
381,540.666666666667,559.333333333333,498.787878787879,523.636363636364,68889.0,0.0,1.0,0.0,0.0,0.0,0.0,1.0,0.0,1.0,0.0,1.0,0.0,1.0
382,424.146341463415,450.243902439024,417.105263157895,421.578947368421,39278.0,1.0,0.0,0.0,0.0,1.0,0.0,0.0,1.0,0.0,1.0,0.0,0.0,1.0
383,439.677419354839,455.483870967742,410.0,418.297872340426,39278.0,1.0,0.0,0.0,0.0,1.0,0.0,0.0,1.0,0.0,0.0,1.0,0.0,1.0
384,471.25,474.375,,,39278.0,1.0,0.0,0.0,0.0,1.0,0.0,0.0,0.0,1.0,0.0,1.0,0.0,1.0
385,497.222222222222,523.611111111111,468.333333333333,503.0,39278.0,1.0,0.0,0.0,0.0,0.0,0.0,1.0,0.0,1.0,0.0,1.0,0.0,1.0
386,460.0,454.285714285714,420.980392156863,401.372549019608,39278.0,0.0,1.0,0.0,0.0,1.0,0.0,0.0,1.0,0.0,1.0,0.0,0.0,1.0
387,424.736842105263,447.368421052632,407.741935483871,408.387096774194,39278.0,0.0,1.0,0.0,0.0,1.0,0.0,0.0,1.0,0.0,0.0,1.0,0.0,1.0
388,490.0,500.416666666667,469.259259259259,480.0,39278.0,0.0,1.0,0.0,0.0,0.0,0.0,1.0,0.0,1.0,0.0,1.0,0.0,1.0
389,443.103448275862,483.103448275862,411.739130434783,440.652173913043,68889.0,1.0,0.0,0.0,0.0,1.0,0.0,0.0,1.0,0.0,1.0,0.0,0.0,1.0
390,432.5,455.357142857143,407.41935483871,430.967741935484,68889.0,1.0,0.0,0.0,0.0,1.0,0.0,0.0,1.0,0.0,0.0,1.0,0.0,1.0
391,461.481481481481,496.666666666667,434.375,472.1875,68889.0,1.0,0.0,0.0,0.0,1.0,0.0,0.0,0.0,1.0,0.0,1.0,0.0,1.0
392,505.2,520.4,466.538461538462,510.0,68889.0,1.0,0.0,0.0,0.0,0.0,0.0,1.0,0.0,1.0,0.0,1.0,0.0,1.0
393,449.459459459459,450.540540540541,416.981132075472,412.641509433962,68889.0,0.0,1.0,0.0,0.0,1.0,0.0,0.0,1.0,0.0,1.0,0.0,0.0,1.0
394,445.789473684211,450.526315789474,433.333333333333,418.148148148148,68889.0,0.0,1.0,0.0,0.0,1.0,0.0,0.0,1.0,0.0,0.0,1.0,0.0,1.0
395,460.588235294118,457.647058823529,,,68889.0,0.0,1.0,0.0,0.0,1.0,0.0,0.0,0.0,1.0,1.0,0.0,0.0,1.0
396,438.8,451.6,422.380952380952,442.380952380952,68889.0,0.0,1.0,0.0,0.0,1.0,0.0,0.0,0.0,1.0,0.0,1.0,0.0,1.0
397,516.666666666667,512.222222222222,460.322580645161,460.967741935484,68889.0,0.0,1.0,0.0,0.0,0.0,0.0,1.0,0.0,1.0,0.0,1.0,0.0,1.0
398,426.25,435.625,,,39278.0,1.0,0.0,0.0,0.0,1.0,0.0,0.0,1.0,0.0,1.0,0.0,0.0,1.0
399,404.5,412.5,,,39278.0,1.0,0.0,0.0,0.0,1.0,0.0,0.0,1.0,0.0,0.0,1.0,0.0,1.0
400,384.375,380.625,,,39278.0,0.0,1.0,0.0,0.0,1.0,0.0,0.0,1.0,0.0,1.0,0.0,0.0,1.0
401,405.9375,437.1875,407.446808510638,399.148936170213,68889.0,1.0,0.0,0.0,0.0,1.0,0.0,0.0,1.0,0.0,1.0,0.0,0.0,1.0
402,510.689655172414,542.068965517241,467.307692307692,510.384615384615,68889.0,1.0,0.0,0.0,0.0,0.0,0.0,1.0,0.0,1.0,0.0,1.0,0.0,1.0
403,407.058823529412,429.705882352941,402.340425531915,402.340425531915,68889.0,0.0,1.0,0.0,0.0,1.0,0.0,0.0,1.0,0.0,1.0,0.0,0.0,1.0
404,520.0,532.272727272727,503.928571428571,493.928571428571,68889.0,0.0,1.0,0.0,0.0,0.0,0.0,1.0,0.0,1.0,0.0,1.0,0.0,1.0
405,523.333333333333,533.333333333333,,,68889.0,1.0,0.0,0.0,0.0,0.0,0.0,1.0,0.0,1.0,0.0,1.0,0.0,1.0
406,516.896551724138,533.448275862069,473.513513513513,491.621621621622,68889.0,1.0,0.0,0.0,0.0,0.0,0.0,1.0,0.0,1.0,0.0,1.0,0.0,1.0
407,524.594594594595,524.054054054054,475.75,472.5,68889.0,0.0,1.0,0.0,0.0,0.0,0.0,1.0,0.0,1.0,0.0,1.0,0.0,1.0
408,571.0,612.5,530.0,553.684210526316,87745.0,1.0,0.0,0.0,0.0,0.0,0.0,1.0,0.0,1.0,0.0,1.0,0.0,1.0
409,572.083333333333,551.25,509.166666666667,507.5,87745.0,0.0,1.0,0.0,0.0,0.0,0.0,1.0,0.0,1.0,0.0,1.0,0.0,1.0
410,534.285714285714,556.785714285714,489.565217391304,550.869565217391,63895.0,1.0,0.0,0.0,0.0,0.0,0.0,1.0,0.0,1.0,0.0,1.0,0.0,1.0
411,533.636363636364,529.090909090909,503.0,492.0,63895.0,0.0,1.0,0.0,0.0,0.0,0.0,1.0,0.0,1.0,0.0,1.0,0.0,1.0
412,424.117647058824,458.823529411765,420.0,457.391304347826,44775.0,0.0,1.0,0.0,0.0,1.0,0.0,0.0,1.0,0.0,1.0,0.0,0.0,1.0
413,432.352941176471,461.764705882353,434.5,472.0,76185.0,1.0,0.0,0.0,1.0,0.0,0.0,0.0,1.0,0.0,0.0,1.0,0.0,1.0
414,495.294117647059,508.235294117647,,,76185.0,1.0,0.0,0.0,0.0,1.0,0.0,0.0,1.0,0.0,0.0,1.0,0.0,1.0
415,420.555555555556,426.666666666667,425.172413793103,436.551724137931,76185.0,0.0,1.0,0.0,0.0,1.0,0.0,0.0,1.0,0.0,1.0,0.0,0.0,1.0
416,520.0,536.315789473684,,,76185.0,0.0,1.0,0.0,0.0,1.0,0.0,0.0,1.0,0.0,0.0,1.0,0.0,1.0
417,462.608695652174,483.913043478261,,,44775.0,1.0,0.0,0.0,0.0,1.0,0.0,0.0,1.0,0.0,0.0,1.0,0.0,1.0
418,428.235294117647,445.882352941176,,,44775.0,0.0,1.0,0.0,0.0,1.0,0.0,0.0,1.0,0.0,0.0,1.0,0.0,1.0
419,380.833333333333,397.083333333333,402.0,412.0,71457.0,1.0,0.0,0.0,0.0,1.0,0.0,0.0,1.0,0.0,1.0,0.0,0.0,1.0
420,433.636363636364,456.060606060606,,,71457.0,1.0,0.0,0.0,0.0,1.0,0.0,0.0,1.0,0.0,0.0,1.0,0.0,1.0
421,384.375,408.125,405.588235294118,406.764705882353,71457.0,0.0,1.0,0.0,0.0,1.0,0.0,0.0,1.0,0.0,1.0,0.0,0.0,1.0
422,438.333333333333,453.333333333333,,,71457.0,0.0,1.0,0.0,0.0,1.0,0.0,0.0,1.0,0.0,0.0,1.0,0.0,1.0
423,440.0,456.5,,,81927.0,1.0,0.0,0.0,0.0,1.0,0.0,0.0,1.0,0.0,0.0,1.0,0.0,1.0
424,433.333333333333,448.333333333333,387.222222222222,418.333333333333,81927.0,1.0,0.0,0.0,0.0,0.0,0.0,1.0,1.0,0.0,0.0,1.0,0.0,1.0
425,467.058823529412,464.117647058824,,,81927.0,0.0,1.0,0.0,0.0,1.0,0.0,0.0,1.0,0.0,0.0,1.0,0.0,1.0
426,470.454545454545,500.454545454545,486.95652173913,473.913043478261,81927.0,0.0,1.0,0.0,0.0,0.0,0.0,1.0,0.0,1.0,0.0,1.0,0.0,1.0
427,492.352941176471,516.470588235294,,,81927.0,1.0,0.0,0.0,0.0,1.0,0.0,0.0,0.0,1.0,0.0,1.0,0.0,1.0
428,496.363636363636,515.909090909091,455.652173913043,498.695652173913,81927.0,1.0,0.0,0.0,0.0,0.0,0.0,1.0,1.0,0.0,0.0,1.0,0.0,1.0
429,548.173913043478,565.565217391304,506.548672566372,525.132743362832,81927.0,1.0,0.0,0.0,0.0,0.0,0.0,1.0,0.0,1.0,0.0,1.0,0.0,1.0
430,474.210526315789,465.789473684211,444.5,442.5,81927.0,0.0,1.0,0.0,0.0,1.0,0.0,0.0,0.0,1.0,0.0,1.0,0.0,1.0
431,492.5,503.75,474.666666666667,458.0,81927.0,0.0,1.0,0.0,0.0,0.0,0.0,1.0,1.0,0.0,0.0,1.0,0.0,1.0
432,550.775862068965,550.603448275862,501.98275862069,502.931034482759,81927.0,0.0,1.0,0.0,0.0,0.0,0.0,1.0,0.0,1.0,0.0,1.0,0.0,1.0
433,501.935483870968,511.290322580645,453.846153846154,473.846153846154,69170.0,1.0,0.0,0.0,0.0,1.0,0.0,0.0,1.0,0.0,0.0,1.0,0.0,1.0
434,510.0,528.518518518518,462.666666666667,488.666666666667,69170.0,1.0,0.0,0.0,0.0,1.0,0.0,0.0,0.0,1.0,0.0,1.0,0.0,1.0
435,486.363636363636,498.636363636364,447.5,458.75,69170.0,1.0,0.0,0.0,0.0,0.0,0.0,1.0,1.0,0.0,0.0,1.0,0.0,1.0
436,549.354838709677,566.612903225806,509.090909090909,527.272727272727,69170.0,1.0,0.0,0.0,0.0,0.0,0.0,1.0,0.0,1.0,0.0,1.0,0.0,1.0
437,475.555555555556,472.777777777778,435.263157894737,452.105263157895,69170.0,0.0,1.0,0.0,0.0,1.0,0.0,0.0,1.0,0.0,0.0,1.0,0.0,1.0
438,522.903225806452,526.129032258065,462.727272727273,471.818181818182,69170.0,0.0,1.0,0.0,0.0,1.0,0.0,0.0,0.0,1.0,0.0,1.0,0.0,1.0
439,555.0,557.291666666667,491.4,501.0,69170.0,0.0,1.0,0.0,0.0,0.0,0.0,1.0,0.0,1.0,0.0,1.0,0.0,1.0
440,549.444444444444,556.111111111111,,,113125.0,1.0,0.0,0.0,0.0,0.0,0.0,1.0,1.0,0.0,0.0,1.0,0.0,1.0
441,589.58041958042,582.517482517483,533.566433566434,541.748251748252,113125.0,1.0,0.0,0.0,0.0,0.0,0.0,1.0,0.0,1.0,0.0,1.0,0.0,1.0
442,585.912408759124,564.744525547445,538.992248062016,518.914728682171,113125.0,0.0,1.0,0.0,0.0,0.0,0.0,1.0,0.0,1.0,0.0,1.0,0.0,1.0
443,546.0,579.2,501.052631578947,521.578947368421,90695.0,1.0,0.0,0.0,0.0,1.0,0.0,0.0,0.0,1.0,0.0,1.0,0.0,1.0
444,519.545454545455,541.363636363636,465.625,513.75,90695.0,1.0,0.0,0.0,0.0,0.0,0.0,1.0,1.0,0.0,0.0,1.0,0.0,1.0
445,552.268907563025,573.361344537815,516.585365853659,556.178861788618,90695.0,1.0,0.0,0.0,0.0,0.0,0.0,1.0,0.0,1.0,0.0,1.0,0.0,1.0
446,490.0,490.588235294118,,,90695.0,0.0,1.0,0.0,0.0,1.0,0.0,0.0,0.0,1.0,0.0,1.0,0.0,1.0
447,561.694915254237,562.033898305085,518.983050847458,520.169491525424,90695.0,0.0,1.0,0.0,0.0,0.0,0.0,1.0,0.0,1.0,0.0,1.0,0.0,1.0
448,566.282051282051,585.897435897436,529.315068493151,552.465753424658,107674.0,1.0,0.0,0.0,0.0,0.0,0.0,1.0,0.0,1.0,0.0,1.0,0.0,1.0
449,567.721518987342,571.645569620253,525.810810810811,532.972972972973,107674.0,0.0,1.0,0.0,0.0,0.0,0.0,1.0,0.0,1.0,0.0,1.0,0.0,1.0
450,637.5,639.107142857143,581.785714285714,594.464285714286,74250.0,1.0,0.0,0.0,0.0,0.0,0.0,1.0,0.0,1.0,0.0,1.0,0.0,1.0
451,669.111111111111,660.444444444444,618.222222222222,604.222222222222,74250.0,0.0,1.0,0.0,0.0,0.0,0.0,1.0,0.0,1.0,0.0,1.0,0.0,1.0
452,518.518518518518,525.555555555556,462.692307692308,497.692307692308,113125.0,1.0,0.0,0.0,0.0,1.0,0.0,0.0,0.0,1.0,0.0,1.0,0.0,1.0
453,547.966101694915,570.423728813559,506.363636363636,535.371900826446,113125.0,1.0,0.0,0.0,0.0,0.0,0.0,1.0,0.0,1.0,0.0,1.0,0.0,1.0
454,522.5,530.0,490.769230769231,479.230769230769,113125.0,0.0,1.0,0.0,0.0,1.0,0.0,0.0,0.0,1.0,0.0,1.0,0.0,1.0
455,556.80412371134,558.144329896907,508.055555555556,506.203703703704,113125.0,0.0,1.0,0.0,0.0,0.0,0.0,1.0,0.0,1.0,0.0,1.0,0.0,1.0
456,583.493975903614,604.21686746988,531.647058823529,557.764705882353,117369.0,1.0,0.0,0.0,0.0,0.0,0.0,1.0,0.0,1.0,0.0,1.0,0.0,1.0
457,627.021276595745,630.425531914894,558.365384615385,551.153846153846,117369.0,0.0,1.0,0.0,0.0,0.0,0.0,1.0,0.0,1.0,0.0,1.0,0.0,1.0
458,545.5,563.5,501.075268817204,532.043010752688,97131.0,1.0,0.0,0.0,0.0,0.0,0.0,1.0,0.0,1.0,0.0,1.0,0.0,1.0
459,588.0,582.470588235294,537.816091954023,529.770114942529,97131.0,0.0,1.0,0.0,0.0,0.0,0.0,1.0,0.0,1.0,0.0,1.0,0.0,1.0
460,531.25,567.5,451.904761904762,492.380952380952,86572.0,1.0,0.0,0.0,0.0,0.0,0.0,1.0,1.0,0.0,0.0,1.0,0.0,1.0
461,535.0,570.142857142857,491.060606060606,529.393939393939,86572.0,1.0,0.0,0.0,0.0,0.0,0.0,1.0,0.0,1.0,0.0,1.0,0.0,1.0
462,541.830985915493,565.070422535211,503.561643835616,504.246575342466,86572.0,0.0,1.0,0.0,0.0,0.0,0.0,1.0,0.0,1.0,0.0,1.0,0.0,1.0
463,558.25,598.25,528.888888888889,565.555555555556,91801.0,1.0,0.0,0.0,0.0,0.0,0.0,1.0,0.0,1.0,0.0,1.0,0.0,1.0
464,613.421052631579,615.526315789474,559.411764705882,557.058823529412,91801.0,0.0,1.0,0.0,0.0,0.0,0.0,1.0,0.0,1.0,0.0,1.0,0.0,1.0
465,393.333333333333,435.555555555556,392.5,393.125,45779.0,1.0,0.0,0.0,0.0,1.0,0.0,0.0,1.0,0.0,0.0,1.0,0.0,1.0
466,441.25,475.0,422.0,459.2,76632.0,1.0,0.0,0.0,0.0,1.0,0.0,0.0,1.0,0.0,0.0,1.0,0.0,1.0
467,481.621621621622,518.918918918919,479.354838709677,514.838709677419,76632.0,1.0,0.0,0.0,0.0,1.0,0.0,0.0,0.0,1.0,0.0,1.0,0.0,1.0
468,565.398230088496,598.672566371681,534.672897196262,560.373831775701,76632.0,1.0,0.0,0.0,0.0,0.0,0.0,1.0,0.0,1.0,0.0,1.0,0.0,1.0
469,485.789473684211,491.052631578947,,,76632.0,0.0,1.0,0.0,0.0,1.0,0.0,0.0,1.0,0.0,0.0,1.0,0.0,1.0
470,580.5,571.5,516.842105263158,516.315789473684,76632.0,0.0,1.0,0.0,0.0,1.0,0.0,0.0,0.0,1.0,0.0,1.0,0.0,1.0
471,489.545454545455,496.363636363636,467.666666666667,479.0,76632.0,0.0,1.0,0.0,0.0,0.0,0.0,1.0,1.0,0.0,0.0,1.0,0.0,1.0
472,587.216494845361,596.907216494845,544.747474747475,558.181818181818,76632.0,0.0,1.0,0.0,0.0,0.0,0.0,1.0,0.0,1.0,0.0,1.0,0.0,1.0
473,420.0,441.764705882353,,,86572.0,0.0,1.0,0.0,0.0,0.0,0.0,1.0,0.0,1.0,0.0,1.0,0.0,1.0
474,465.882352941176,501.176470588235,441.304347826087,455.652173913043,98163.0,1.0,0.0,0.0,0.0,1.0,0.0,0.0,0.0,1.0,0.0,1.0,0.0,1.0
475,469.090909090909,505.454545454545,453.703703703704,477.407407407407,98163.0,1.0,0.0,0.0,0.0,0.0,0.0,1.0,1.0,0.0,0.0,1.0,0.0,1.0
476,511.607142857143,524.285714285714,472.698412698413,497.936507936508,98163.0,1.0,0.0,0.0,0.0,0.0,0.0,1.0,0.0,1.0,0.0,1.0,0.0,1.0
477,489.52380952381,468.095238095238,423.2,425.2,98163.0,0.0,1.0,0.0,0.0,1.0,0.0,0.0,1.0,0.0,0.0,1.0,0.0,1.0
478,465.625,488.75,448.125,443.75,98163.0,0.0,1.0,0.0,0.0,1.0,0.0,0.0,0.0,1.0,0.0,1.0,0.0,1.0
479,512.272727272727,487.727272727273,467.391304347826,447.826086956522,98163.0,0.0,1.0,0.0,0.0,0.0,0.0,1.0,1.0,0.0,0.0,1.0,0.0,1.0
480,537.321428571429,530.892857142857,480.615384615385,484.307692307692,98163.0,0.0,1.0,0.0,0.0,0.0,0.0,1.0,0.0,1.0,0.0,1.0,0.0,1.0
481,570.47619047619,573.809523809524,514.545454545455,540.0,98163.0,1.0,0.0,0.0,0.0,1.0,0.0,0.0,0.0,1.0,0.0,1.0,0.0,1.0
482,580.987654320988,589.012345679012,530.621118012422,546.024844720497,98163.0,1.0,0.0,0.0,0.0,0.0,0.0,1.0,0.0,1.0,0.0,1.0,0.0,1.0
483,590.794701986755,570.529801324503,532.348993288591,512.48322147651,98163.0,0.0,1.0,0.0,0.0,0.0,0.0,1.0,0.0,1.0,0.0,1.0,0.0,1.0
484,504.0,534.5,,,86713.0,1.0,0.0,0.0,0.0,1.0,0.0,0.0,0.0,1.0,0.0,1.0,0.0,1.0
485,480.588235294118,501.764705882353,,,86713.0,1.0,0.0,0.0,0.0,0.0,0.0,1.0,1.0,0.0,0.0,1.0,0.0,1.0
486,525.616438356164,550.821917808219,486.515151515152,512.878787878788,86713.0,1.0,0.0,0.0,0.0,0.0,0.0,1.0,0.0,1.0,0.0,1.0,0.0,1.0
487,555.054945054945,551.868131868132,502.650602409639,503.493975903614,86713.0,0.0,1.0,0.0,0.0,0.0,0.0,1.0,0.0,1.0,0.0,1.0,0.0,1.0
488,457.2,502.0,412.105263157895,425.263157894737,62404.0,1.0,0.0,0.0,0.0,1.0,0.0,0.0,1.0,0.0,0.0,1.0,0.0,1.0
489,515.789473684211,552.631578947368,,,62404.0,1.0,0.0,0.0,0.0,1.0,0.0,0.0,0.0,1.0,0.0,1.0,0.0,1.0
490,517.714285714286,555.428571428571,494.444444444444,524.166666666667,62404.0,1.0,0.0,0.0,0.0,0.0,0.0,1.0,0.0,1.0,0.0,1.0,0.0,1.0
491,484.210526315789,505.263157894737,473.636363636364,454.090909090909,62404.0,0.0,1.0,0.0,0.0,0.0,0.0,1.0,1.0,0.0,0.0,1.0,0.0,1.0
492,555.0,560.0,492.678571428571,502.142857142857,62404.0,0.0,1.0,0.0,0.0,0.0,0.0,1.0,0.0,1.0,0.0,1.0,0.0,1.0
493,515.333333333333,517.333333333333,469.692307692308,489.384615384615,81029.0,1.0,0.0,0.0,0.0,0.0,0.0,1.0,0.0,1.0,0.0,1.0,0.0,1.0
494,528.8,534.0,489.433962264151,493.396226415094,81029.0,0.0,1.0,0.0,0.0,0.0,0.0,1.0,0.0,1.0,0.0,1.0,0.0,1.0
495,436.470588235294,452.941176470588,,,44846.0,1.0,0.0,0.0,0.0,1.0,0.0,0.0,0.0,1.0,0.0,1.0,0.0,1.0
496,380.625,408.125,,,44846.0,0.0,1.0,0.0,0.0,1.0,0.0,0.0,1.0,0.0,0.0,1.0,0.0,1.0
497,396.0,419.5,,,39455.0,1.0,0.0,0.0,0.0,1.0,0.0,0.0,1.0,0.0,0.0,1.0,0.0,1.0
498,378.75,391.875,,,39455.0,0.0,1.0,0.0,0.0,1.0,0.0,0.0,1.0,0.0,0.0,1.0,0.0,1.0
499,547.325581395349,576.860465116279,508.947368421053,550.921052631579,116314.0,1.0,0.0,0.0,0.0,0.0,0.0,1.0,0.0,1.0,0.0,1.0,0.0,1.0
500,557.87037037037,552.314814814815,514.326923076923,515.0,116314.0,0.0,1.0,0.0,0.0,0.0,0.0,1.0,0.0,1.0,0.0,1.0,0.0,1.0
501,566.666666666667,583.010752688172,520.215053763441,549.139784946237,116314.0,1.0,0.0,0.0,0.0,0.0,0.0,1.0,0.0,1.0,0.0,1.0,0.0,1.0
502,606.608695652174,597.739130434783,555.357142857143,545.446428571429,116314.0,0.0,1.0,0.0,0.0,0.0,0.0,1.0,0.0,1.0,0.0,1.0,0.0,1.0
503,515.294117647059,536.470588235294,,,97581.0,1.0,0.0,0.0,0.0,1.0,0.0,0.0,0.0,1.0,0.0,1.0,0.0,1.0
504,568.089887640449,583.988764044944,520.111111111111,542.666666666667,97581.0,1.0,0.0,0.0,0.0,0.0,0.0,1.0,0.0,1.0,0.0,1.0,0.0,1.0
505,592.682926829268,580.19512195122,533.7899543379,530.41095890411,97581.0,0.0,1.0,0.0,0.0,0.0,0.0,1.0,0.0,1.0,0.0,1.0,0.0,1.0
506,515.217391304348,541.739130434783,477.916666666667,525.833333333333,77221.0,1.0,0.0,0.0,0.0,1.0,0.0,0.0,0.0,1.0,0.0,1.0,0.0,1.0
507,562.962962962963,580.666666666667,516.884057971014,548.695652173913,77221.0,1.0,0.0,0.0,0.0,0.0,0.0,1.0,0.0,1.0,0.0,1.0,0.0,1.0
508,526.111111111111,543.888888888889,,,77221.0,0.0,1.0,0.0,0.0,1.0,0.0,0.0,0.0,1.0,0.0,1.0,0.0,1.0
509,579.318181818182,575.833333333333,534.671532846715,526.642335766423,77221.0,0.0,1.0,0.0,0.0,0.0,0.0,1.0,0.0,1.0,0.0,1.0,0.0,1.0
510,544.246575342466,575.616438356164,508.823529411765,552.5,106128.0,1.0,0.0,0.0,0.0,0.0,0.0,1.0,0.0,1.0,0.0,1.0,0.0,1.0
511,579.516129032258,591.290322580645,530.483870967742,547.741935483871,106128.0,0.0,1.0,0.0,0.0,0.0,0.0,1.0,0.0,1.0,0.0,1.0,0.0,1.0
512,508.5,569.25,484.102564102564,506.410256410256,92309.0,1.0,0.0,0.0,0.0,0.0,0.0,1.0,0.0,1.0,0.0,1.0,0.0,1.0
513,570.333333333333,584.333333333333,508.75,507.1875,92309.0,0.0,1.0,0.0,0.0,0.0,0.0,1.0,0.0,1.0,0.0,1.0,0.0,1.0
514,432.5,430.625,447.916666666667,440.416666666667,54249.0,0.0,1.0,0.0,0.0,1.0,0.0,0.0,1.0,0.0,1.0,0.0,0.0,1.0
515,442.8,490.0,431.372549019608,480.0,96200.0,1.0,0.0,0.0,0.0,0.0,0.0,1.0,0.0,1.0,0.0,1.0,0.0,1.0
516,546.666666666667,546.111111111111,514.705882352941,511.176470588235,70132.0,1.0,0.0,0.0,0.0,0.0,0.0,1.0,0.0,1.0,0.0,1.0,0.0,1.0
517,431.052631578947,465.789473684211,,,59781.0,1.0,0.0,0.0,0.0,1.0,0.0,0.0,1.0,0.0,0.0,1.0,0.0,1.0
518,441.0,454.0,440.625,461.25,59781.0,1.0,0.0,0.0,0.0,1.0,0.0,0.0,0.0,1.0,0.0,1.0,0.0,1.0
519,474.666666666667,493.333333333333,448.157894736842,473.684210526316,59781.0,1.0,0.0,0.0,0.0,0.0,0.0,1.0,1.0,0.0,0.0,1.0,0.0,1.0
520,471.833333333333,486.5,442.380952380952,455.079365079365,59781.0,1.0,0.0,0.0,0.0,0.0,0.0,1.0,0.0,1.0,0.0,1.0,0.0,1.0
521,485.2,463.6,471.25,443.125,59781.0,0.0,1.0,0.0,0.0,1.0,0.0,0.0,1.0,0.0,0.0,1.0,0.0,1.0
522,486.0,492.5,459.545454545455,464.545454545455,59781.0,0.0,1.0,0.0,0.0,0.0,0.0,1.0,1.0,0.0,0.0,1.0,0.0,1.0
523,518.378378378378,522.972972972973,474.878048780488,478.536585365854,59781.0,0.0,1.0,0.0,0.0,0.0,0.0,1.0,0.0,1.0,0.0,1.0,0.0,1.0
524,463.5,485.0,445.0,462.222222222222,63456.0,1.0,0.0,0.0,0.0,1.0,0.0,0.0,0.0,1.0,0.0,1.0,0.0,1.0
525,451.5,500.5,423.75,470.0,63456.0,1.0,0.0,0.0,0.0,0.0,0.0,1.0,1.0,0.0,0.0,1.0,0.0,1.0
526,501.693548387097,534.758064516129,474.122807017544,510.087719298246,63456.0,1.0,0.0,0.0,0.0,0.0,0.0,1.0,0.0,1.0,0.0,1.0,0.0,1.0
527,538.968253968254,551.904761904762,503.04347826087,512.695652173913,63456.0,0.0,1.0,0.0,0.0,0.0,0.0,1.0,0.0,1.0,0.0,1.0,0.0,1.0
528,448.823529411765,478.235294117647,,,44619.0,1.0,0.0,0.0,0.0,1.0,0.0,0.0,1.0,0.0,0.0,1.0,0.0,1.0
529,485.806451612903,518.709677419355,453.571428571429,482.142857142857,44619.0,1.0,0.0,0.0,0.0,0.0,0.0,1.0,1.0,0.0,0.0,1.0,0.0,1.0
530,511.315789473684,539.736842105263,473.950617283951,503.086419753086,44619.0,1.0,0.0,0.0,0.0,0.0,0.0,1.0,0.0,1.0,0.0,1.0,0.0,1.0
531,465.714285714286,468.095238095238,441.304347826087,440.434782608696,44619.0,0.0,1.0,0.0,0.0,0.0,0.0,1.0,1.0,0.0,0.0,1.0,0.0,1.0
532,510.307692307692,519.384615384615,484.328358208955,490.149253731343,44619.0,0.0,1.0,0.0,0.0,0.0,0.0,1.0,0.0,1.0,0.0,1.0,0.0,1.0
533,458.333333333333,493.333333333333,,,44619.0,1.0,0.0,0.0,0.0,0.0,0.0,1.0,0.0,1.0,0.0,1.0,0.0,1.0
534,462.608695652174,482.608695652174,443.243243243243,448.108108108108,69393.0,1.0,0.0,0.0,0.0,0.0,0.0,1.0,1.0,0.0,0.0,1.0,0.0,1.0
535,501.451612903226,529.677419354839,486.111111111111,508.148148148148,69393.0,1.0,0.0,0.0,0.0,0.0,0.0,1.0,0.0,1.0,0.0,1.0,0.0,1.0
536,500.833333333333,509.583333333333,448.461538461538,450.0,69393.0,0.0,1.0,0.0,0.0,0.0,0.0,1.0,1.0,0.0,0.0,1.0,0.0,1.0
537,545.121951219512,536.585365853659,524.390243902439,505.365853658537,69393.0,0.0,1.0,0.0,0.0,0.0,0.0,1.0,0.0,1.0,0.0,1.0,0.0,1.0
538,483.333333333333,519.259259259259,451.111111111111,497.222222222222,45591.0,1.0,0.0,0.0,0.0,0.0,0.0,1.0,0.0,1.0,0.0,1.0,0.0,1.0
539,510.0,494.8,474.736842105263,491.052631578947,45591.0,0.0,1.0,0.0,0.0,0.0,0.0,1.0,0.0,1.0,0.0,1.0,0.0,1.0
540,494.0,520.5,447.894736842105,470.0,82396.0,1.0,0.0,0.0,0.0,0.0,0.0,1.0,0.0,1.0,0.0,1.0,0.0,1.0
541,492.727272727273,492.272727272727,457.368421052632,463.684210526316,82396.0,0.0,1.0,0.0,0.0,0.0,0.0,1.0,0.0,1.0,0.0,1.0,0.0,1.0
542,420.625,451.25,,,64375.0,0.0,1.0,0.0,0.0,0.0,0.0,1.0,0.0,1.0,0.0,1.0,0.0,1.0
543,524.117647058824,560.588235294118,489.375,509.375,76455.0,1.0,0.0,0.0,0.0,0.0,0.0,1.0,0.0,1.0,0.0,1.0,0.0,1.0
544,524.583333333333,515.0,467.826086956522,493.913043478261,70938.0,1.0,0.0,0.0,0.0,0.0,0.0,1.0,0.0,1.0,0.0,1.0,0.0,1.0
545,524.230769230769,519.615384615385,485.714285714286,495.357142857143,70938.0,0.0,1.0,0.0,0.0,0.0,0.0,1.0,0.0,1.0,0.0,1.0,0.0,1.0
546,436.842105263158,473.684210526316,,,85047.0,1.0,0.0,0.0,0.0,1.0,0.0,0.0,1.0,0.0,0.0,1.0,0.0,1.0
547,544.545454545455,583.522727272727,520.425531914894,546.595744680851,85047.0,1.0,0.0,0.0,0.0,0.0,0.0,1.0,0.0,1.0,0.0,1.0,0.0,1.0
548,502.5,502.5,472.105263157895,487.894736842105,85047.0,0.0,1.0,0.0,0.0,0.0,0.0,1.0,1.0,0.0,0.0,1.0,0.0,1.0
549,568.974358974359,573.076923076923,527.5,524.444444444444,85047.0,0.0,1.0,0.0,0.0,0.0,0.0,1.0,0.0,1.0,0.0,1.0,0.0,1.0
550,661.578947368421,645.789473684211,,,97517.0,1.0,0.0,1.0,0.0,0.0,0.0,0.0,0.0,1.0,0.0,1.0,0.0,1.0
551,584.022346368715,596.145251396648,534.644808743169,552.349726775956,97517.0,1.0,0.0,0.0,0.0,0.0,0.0,1.0,0.0,1.0,0.0,1.0,0.0,1.0
552,604.14201183432,592.544378698225,557.529411764706,547.176470588235,97517.0,0.0,1.0,0.0,0.0,0.0,0.0,1.0,0.0,1.0,0.0,1.0,0.0,1.0
553,646.875,655.3125,580.0,600.909090909091,85047.0,1.0,0.0,0.0,0.0,0.0,0.0,1.0,0.0,1.0,0.0,1.0,0.0,1.0
554,688.125,663.125,620.540540540541,610.810810810811,85047.0,0.0,1.0,0.0,0.0,0.0,0.0,1.0,0.0,1.0,0.0,1.0,0.0,1.0
555,428.125,431.875,431.034482758621,426.206896551724,67276.0,1.0,0.0,0.0,0.0,1.0,0.0,0.0,1.0,0.0,1.0,0.0,0.0,1.0
556,464.782608695652,479.565217391304,,,67276.0,1.0,0.0,0.0,0.0,1.0,0.0,0.0,1.0,0.0,0.0,1.0,0.0,1.0
557,471.25,495.0,445.0,462.5,67276.0,1.0,0.0,0.0,0.0,0.0,0.0,1.0,1.0,0.0,0.0,1.0,0.0,1.0
558,548.494623655914,573.440860215054,521.460674157303,547.303370786517,67276.0,1.0,0.0,0.0,0.0,0.0,0.0,1.0,0.0,1.0,0.0,1.0,0.0,1.0
559,551.26213592233,561.26213592233,509.108910891089,518.316831683168,67276.0,0.0,1.0,0.0,0.0,0.0,0.0,1.0,0.0,1.0,0.0,1.0,0.0,1.0
560,494.285714285714,525.0,481.379310344828,493.793103448276,74902.0,1.0,0.0,0.0,0.0,0.0,0.0,1.0,1.0,0.0,0.0,1.0,0.0,1.0
561,536.478873239437,561.056338028169,514.379562043796,529.124087591241,74902.0,1.0,0.0,0.0,0.0,0.0,0.0,1.0,0.0,1.0,0.0,1.0,0.0,1.0
562,512.105263157895,531.052631578947,500.454545454545,485.909090909091,74902.0,0.0,1.0,0.0,0.0,0.0,0.0,1.0,1.0,0.0,0.0,1.0,0.0,1.0
563,574.876033057851,579.586776859504,533.48623853211,523.119266055046,74902.0,0.0,1.0,0.0,0.0,0.0,0.0,1.0,0.0,1.0,0.0,1.0,0.0,1.0
564,447.368421052632,477.19298245614,420.877192982456,436.491228070175,58988.0,1.0,0.0,0.0,0.0,1.0,0.0,0.0,1.0,0.0,0.0,1.0,0.0,1.0
565,489.285714285714,527.142857142857,443.448275862069,496.896551724138,58988.0,1.0,0.0,0.0,0.0,1.0,0.0,0.0,0.0,1.0,0.0,1.0,0.0,1.0
566,505.161290322581,553.870967741935,480.857142857143,521.714285714286,58988.0,1.0,0.0,0.0,0.0,0.0,0.0,1.0,0.0,1.0,0.0,1.0,0.0,1.0
567,439.111111111111,465.555555555556,414.418604651163,406.511627906977,58988.0,0.0,1.0,0.0,0.0,1.0,0.0,0.0,1.0,0.0,0.0,1.0,0.0,1.0
568,470.833333333333,497.916666666667,462.631578947368,442.631578947368,58988.0,0.0,1.0,0.0,0.0,1.0,0.0,0.0,0.0,1.0,0.0,1.0,0.0,1.0
569,503.529411764706,535.882352941176,492.352941176471,514.117647058824,58988.0,0.0,1.0,0.0,0.0,0.0,0.0,1.0,0.0,1.0,0.0,1.0,0.0,1.0
570,400.8,429.6,412.142857142857,420.357142857143,39455.0,1.0,0.0,0.0,0.0,1.0,0.0,0.0,1.0,0.0,0.0,1.0,0.0,1.0
571,423.870967741935,425.806451612903,403.75,398.125,39455.0,0.0,1.0,0.0,0.0,1.0,0.0,0.0,1.0,0.0,0.0,1.0,0.0,1.0
572,426.666666666667,457.450980392157,403.818181818182,430.0,36948.0,1.0,0.0,0.0,0.0,1.0,0.0,0.0,1.0,0.0,0.0,1.0,0.0,1.0
573,518.333333333333,538.333333333333,480.0,492.222222222222,36948.0,1.0,0.0,0.0,0.0,1.0,0.0,0.0,0.0,1.0,0.0,1.0,0.0,1.0
574,452.790697674419,457.441860465116,426.190476190476,426.666666666667,36948.0,0.0,1.0,0.0,0.0,1.0,0.0,0.0,1.0,0.0,0.0,1.0,0.0,1.0
575,465.882352941176,459.411764705882,416.470588235294,427.647058823529,36948.0,0.0,1.0,0.0,0.0,0.0,0.0,1.0,1.0,0.0,0.0,1.0,0.0,1.0
576,432.222222222222,478.888888888889,420.47619047619,451.666666666667,57628.0,1.0,0.0,0.0,0.0,1.0,0.0,0.0,1.0,0.0,0.0,1.0,0.0,1.0
577,497.2,508.4,457.5,465.833333333333,57628.0,1.0,0.0,0.0,0.0,1.0,0.0,0.0,0.0,1.0,0.0,1.0,0.0,1.0
578,475.0,496.0,460.5,474.5,57628.0,1.0,0.0,0.0,0.0,0.0,0.0,1.0,1.0,0.0,0.0,1.0,0.0,1.0
579,508.75,560.625,480.588235294118,517.647058823529,57628.0,1.0,0.0,0.0,0.0,0.0,0.0,1.0,0.0,1.0,0.0,1.0,0.0,1.0
580,465.5,469.75,448.947368421053,440.789473684211,57628.0,0.0,1.0,0.0,0.0,1.0,0.0,0.0,1.0,0.0,0.0,1.0,0.0,1.0
581,489.259259259259,492.592592592593,464.375,470.625,57628.0,0.0,1.0,0.0,0.0,1.0,0.0,0.0,0.0,1.0,0.0,1.0,0.0,1.0
582,446.0,468.0,440.47619047619,427.142857142857,57628.0,0.0,1.0,0.0,0.0,0.0,0.0,1.0,1.0,0.0,0.0,1.0,0.0,1.0
583,460.0,486.521739130435,436.111111111111,467.222222222222,61491.0,1.0,0.0,0.0,0.0,1.0,0.0,0.0,1.0,0.0,0.0,1.0,0.0,1.0
584,508.888888888889,508.888888888889,463.333333333333,473.809523809524,61491.0,1.0,0.0,0.0,0.0,1.0,0.0,0.0,0.0,1.0,0.0,1.0,0.0,1.0
585,517.894736842105,534.210526315789,476.09756097561,509.756097560976,61491.0,1.0,0.0,0.0,0.0,0.0,0.0,1.0,0.0,1.0,0.0,1.0,0.0,1.0
586,509.047619047619,509.52380952381,481.111111111111,497.777777777778,61491.0,0.0,1.0,0.0,0.0,0.0,0.0,1.0,1.0,0.0,0.0,1.0,0.0,1.0
587,521.612903225806,539.032258064516,495.0,494.444444444444,61491.0,0.0,1.0,0.0,0.0,0.0,0.0,1.0,0.0,1.0,0.0,1.0,0.0,1.0
588,474.722222222222,511.944444444444,443.333333333333,494.722222222222,69723.0,1.0,0.0,0.0,0.0,1.0,0.0,0.0,0.0,1.0,0.0,1.0,0.0,1.0
589,473.333333333333,495.0,427.741935483871,465.161290322581,69723.0,1.0,0.0,0.0,0.0,0.0,0.0,1.0,1.0,0.0,0.0,1.0,0.0,1.0
590,500.327868852459,533.606557377049,479.84375,514.6875,69723.0,1.0,0.0,0.0,0.0,0.0,0.0,1.0,0.0,1.0,0.0,1.0,0.0,1.0
591,463.0,493.5,451.6,446.0,69723.0,0.0,1.0,0.0,0.0,1.0,0.0,0.0,1.0,0.0,0.0,1.0,0.0,1.0
592,465.925925925926,488.148148148148,451.666666666667,455.416666666667,69723.0,0.0,1.0,0.0,0.0,1.0,0.0,0.0,0.0,1.0,0.0,1.0,0.0,1.0
593,510.0,520.735294117647,480.13698630137,489.315068493151,69723.0,0.0,1.0,0.0,0.0,0.0,0.0,1.0,0.0,1.0,0.0,1.0,0.0,1.0
594,530.625,570.0,,,69723.0,0.0,1.0,0.0,0.0,0.0,0.0,1.0,0.0,1.0,0.0,1.0,0.0,1.0
595,588.0,547.5,546.0,503.5,71379.0,0.0,1.0,0.0,0.0,0.0,0.0,1.0,0.0,1.0,0.0,1.0,0.0,1.0
596,576.875,582.083333333333,520.0,538.888888888889,76737.0,1.0,0.0,0.0,0.0,0.0,0.0,1.0,0.0,1.0,0.0,1.0,0.0,1.0
597,574.561403508772,557.017543859649,528.965517241379,513.275862068965,76737.0,0.0,1.0,0.0,0.0,0.0,0.0,1.0,0.0,1.0,0.0,1.0,0.0,1.0
598,525.263157894737,556.052631578947,495.384615384615,532.820512820513,56779.0,1.0,0.0,0.0,0.0,0.0,0.0,1.0,0.0,1.0,0.0,1.0,0.0,1.0
599,544.166666666667,550.0,529.52380952381,540.47619047619,56779.0,0.0,1.0,0.0,0.0,0.0,0.0,1.0,0.0,1.0,0.0,1.0,0.0,1.0
600,409.5,421.0,410.0,422.962962962963,68153.0,1.0,0.0,0.0,0.0,1.0,0.0,0.0,1.0,0.0,1.0,0.0,0.0,1.0
601,454.0,468.333333333333,,,68153.0,1.0,0.0,0.0,0.0,1.0,0.0,0.0,1.0,0.0,0.0,1.0,0.0,1.0
602,472.8,473.2,449.047619047619,475.714285714286,68153.0,1.0,0.0,0.0,0.0,1.0,0.0,0.0,0.0,1.0,0.0,1.0,0.0,1.0
603,510.666666666667,526.666666666667,486.779661016949,513.220338983051,68153.0,1.0,0.0,0.0,0.0,0.0,0.0,1.0,0.0,1.0,0.0,1.0,0.0,1.0
604,438.823529411765,419.411764705882,413.2,426.4,68153.0,0.0,1.0,0.0,0.0,1.0,0.0,0.0,1.0,0.0,1.0,0.0,0.0,1.0
605,469.666666666667,468.0,421.739130434783,405.217391304348,68153.0,0.0,1.0,0.0,0.0,1.0,0.0,0.0,1.0,0.0,0.0,1.0,0.0,1.0
606,464.782608695652,454.782608695652,,,68153.0,0.0,1.0,0.0,0.0,1.0,0.0,0.0,0.0,1.0,0.0,1.0,0.0,1.0
607,507.333333333333,497.833333333333,481.833333333333,460.833333333333,68153.0,0.0,1.0,0.0,0.0,0.0,0.0,1.0,0.0,1.0,0.0,1.0,0.0,1.0
608,563.333333333333,582.592592592593,504.848484848485,552.121212121212,68153.0,1.0,0.0,0.0,0.0,0.0,0.0,1.0,0.0,1.0,0.0,1.0,0.0,1.0
609,539.230769230769,536.538461538462,488.076923076923,489.230769230769,68153.0,0.0,1.0,0.0,0.0,0.0,0.0,1.0,0.0,1.0,0.0,1.0,0.0,1.0
610,459.142857142857,461.428571428571,400.0,403.529411764706,79167.0,1.0,0.0,0.0,0.0,1.0,0.0,0.0,1.0,0.0,0.0,1.0,0.0,1.0
611,483.333333333333,484.761904761905,440.0,484.6875,79167.0,1.0,0.0,0.0,0.0,1.0,0.0,0.0,0.0,1.0,0.0,1.0,0.0,1.0
612,463.2,481.2,430.714285714286,447.5,79167.0,1.0,0.0,0.0,0.0,0.0,0.0,1.0,1.0,0.0,0.0,1.0,0.0,1.0
613,490.0,497.126436781609,461.948051948052,484.805194805195,79167.0,1.0,0.0,0.0,0.0,0.0,0.0,1.0,0.0,1.0,0.0,1.0,0.0,1.0
614,473.666666666667,450.333333333333,443.666666666667,405.666666666667,79167.0,0.0,1.0,0.0,0.0,1.0,0.0,0.0,1.0,0.0,0.0,1.0,0.0,1.0
615,463.076923076923,461.025641025641,420.625,437.1875,79167.0,0.0,1.0,0.0,0.0,1.0,0.0,0.0,0.0,1.0,0.0,1.0,0.0,1.0
616,491.578947368421,456.315789473684,446.0,435.0,79167.0,0.0,1.0,0.0,0.0,0.0,0.0,1.0,1.0,0.0,0.0,1.0,0.0,1.0
617,490.508474576271,466.271186440678,454.528301886792,433.207547169811,79167.0,0.0,1.0,0.0,0.0,0.0,0.0,1.0,0.0,1.0,0.0,1.0,0.0,1.0
618,465.0,489.0,,,51846.0,1.0,0.0,0.0,0.0,1.0,0.0,0.0,1.0,0.0,0.0,1.0,0.0,1.0
619,529.306930693069,560.0,490.980392156863,531.56862745098,112137.0,1.0,0.0,0.0,0.0,0.0,0.0,1.0,0.0,1.0,0.0,1.0,0.0,1.0
620,567.446808510638,575.425531914894,524.5,524.1,112137.0,0.0,1.0,0.0,0.0,0.0,0.0,1.0,0.0,1.0,0.0,1.0,0.0,1.0
621,475.932203389831,533.559322033898,461.2,511.4,85827.0,1.0,0.0,0.0,0.0,0.0,0.0,1.0,0.0,1.0,0.0,1.0,0.0,1.0
622,483.235294117647,505.588235294118,454.285714285714,458.285714285714,85827.0,0.0,1.0,0.0,0.0,0.0,0.0,1.0,0.0,1.0,0.0,1.0,0.0,1.0
623,442.727272727273,461.363636363636,,,52986.0,1.0,0.0,0.0,0.0,1.0,0.0,0.0,1.0,0.0,0.0,1.0,0.0,1.0
624,492.0,517.0,424.285714285714,482.380952380952,52986.0,1.0,0.0,0.0,0.0,0.0,0.0,1.0,1.0,0.0,0.0,1.0,0.0,1.0
625,515.277777777778,562.777777777778,480.735294117647,539.852941176471,52986.0,1.0,0.0,0.0,0.0,0.0,0.0,1.0,0.0,1.0,0.0,1.0,0.0,1.0
626,386.5,414.0,425.2,388.0,52986.0,0.0,1.0,0.0,0.0,1.0,0.0,0.0,1.0,0.0,1.0,0.0,0.0,1.0
627,552.1875,538.90625,506.724137931034,508.103448275862,52986.0,0.0,1.0,0.0,0.0,0.0,0.0,1.0,0.0,1.0,0.0,1.0,0.0,1.0
628,546.470588235294,564.705882352941,503.157894736842,544.736842105263,101090.0,1.0,0.0,0.0,0.0,0.0,0.0,1.0,0.0,1.0,0.0,1.0,0.0,1.0
629,522.80487804878,540.0,488.4,521.333333333333,85827.0,1.0,0.0,0.0,0.0,0.0,0.0,1.0,0.0,1.0,0.0,1.0,0.0,1.0
630,545.714285714286,540.12987012987,494.146341463415,507.560975609756,85827.0,0.0,1.0,0.0,0.0,0.0,0.0,1.0,0.0,1.0,0.0,1.0,0.0,1.0
631,577.083333333333,626.944444444444,525.25641025641,575.769230769231,100833.0,1.0,0.0,0.0,0.0,0.0,0.0,1.0,0.0,1.0,0.0,1.0,0.0,1.0
632,618.888888888889,618.333333333333,542.280701754386,556.491228070175,100833.0,0.0,1.0,0.0,0.0,0.0,0.0,1.0,0.0,1.0,0.0,1.0,0.0,1.0
633,573.092783505155,610.824742268041,523.260869565217,559.782608695652,100833.0,1.0,0.0,0.0,0.0,0.0,0.0,1.0,0.0,1.0,0.0,1.0,0.0,1.0
634,566.605504587156,572.660550458716,515.555555555556,522.020202020202,100833.0,0.0,1.0,0.0,0.0,0.0,0.0,1.0,0.0,1.0,0.0,1.0,0.0,1.0
635,399.615384615385,416.923076923077,409.444444444444,429.62962962963,85827.0,1.0,0.0,0.0,0.0,1.0,0.0,0.0,1.0,0.0,1.0,0.0,0.0,1.0
636,459.166666666667,490.0,,,85827.0,1.0,0.0,0.0,0.0,1.0,0.0,0.0,1.0,0.0,0.0,1.0,0.0,1.0
637,533.404255319149,561.914893617021,508.372093023256,550.0,85827.0,1.0,0.0,0.0,0.0,0.0,0.0,1.0,0.0,1.0,0.0,1.0,0.0,1.0
638,399.736842105263,398.684210526316,414.444444444444,401.296296296296,85827.0,0.0,1.0,0.0,0.0,1.0,0.0,0.0,1.0,0.0,1.0,0.0,0.0,1.0
639,495.909090909091,505.0,,,85827.0,0.0,1.0,0.0,0.0,1.0,0.0,0.0,1.0,0.0,0.0,1.0,0.0,1.0
640,556.4,553.2,512.0,513.2,85827.0,0.0,1.0,0.0,0.0,0.0,0.0,1.0,0.0,1.0,0.0,1.0,0.0,1.0
641,569.565217391304,579.782608695652,540.869565217391,559.130434782609,77336.0,1.0,0.0,0.0,0.0,0.0,0.0,1.0,0.0,1.0,0.0,1.0,0.0,1.0
642,580.461538461538,566.461538461538,542.833333333333,524.833333333333,77336.0,0.0,1.0,0.0,0.0,0.0,0.0,1.0,0.0,1.0,0.0,1.0,0.0,1.0
643,471.5,533.5,451.111111111111,486.666666666667,81620.0,1.0,0.0,0.0,0.0,0.0,0.0,1.0,0.0,1.0,0.0,1.0,0.0,1.0
644,498.095238095238,532.380952380952,471.0,490.5,81620.0,0.0,1.0,0.0,0.0,0.0,0.0,1.0,0.0,1.0,0.0,1.0,0.0,1.0
645,565.277777777778,570.0,521.891891891892,544.324324324324,78889.0,1.0,0.0,0.0,0.0,0.0,0.0,1.0,0.0,1.0,0.0,1.0,0.0,1.0
646,436.470588235294,405.294117647059,433.809523809524,380.0,78889.0,0.0,1.0,0.0,0.0,1.0,0.0,0.0,1.0,0.0,1.0,0.0,0.0,1.0
647,551.88679245283,547.547169811321,505.172413793103,513.103448275862,78889.0,0.0,1.0,0.0,0.0,0.0,0.0,1.0,0.0,1.0,0.0,1.0,0.0,1.0
648,581.304347826087,603.478260869565,534.0,557.0,83438.0,1.0,0.0,0.0,0.0,0.0,0.0,1.0,0.0,1.0,0.0,1.0,0.0,1.0
649,614.705882352941,607.058823529412,583.5,563.5,83438.0,0.0,1.0,0.0,0.0,0.0,0.0,1.0,0.0,1.0,0.0,1.0,0.0,1.0
650,533.777777777778,557.555555555556,490.232558139535,527.906976744186,94102.0,1.0,0.0,0.0,0.0,0.0,0.0,1.0,0.0,1.0,0.0,1.0,0.0,1.0
651,571.384615384615,570.615384615385,518.870967741935,524.193548387097,94102.0,0.0,1.0,0.0,0.0,0.0,0.0,1.0,0.0,1.0,0.0,1.0,0.0,1.0
652,463.125,518.125,467.647058823529,498.823529411765,74007.0,1.0,0.0,0.0,0.0,0.0,0.0,1.0,1.0,0.0,0.0,1.0,0.0,1.0
653,527.981651376147,560.366972477064,480.970873786408,528.155339805825,74007.0,1.0,0.0,0.0,0.0,0.0,0.0,1.0,0.0,1.0,0.0,1.0,0.0,1.0
654,443.529411764706,467.647058823529,,,74007.0,0.0,1.0,0.0,0.0,1.0,0.0,0.0,1.0,0.0,0.0,1.0,0.0,1.0
655,511.428571428571,527.857142857143,463.571428571429,478.928571428571,74007.0,0.0,1.0,0.0,0.0,0.0,0.0,1.0,1.0,0.0,0.0,1.0,0.0,1.0
656,561.078431372549,557.549019607843,517.888888888889,537.444444444444,74007.0,0.0,1.0,0.0,0.0,0.0,0.0,1.0,0.0,1.0,0.0,1.0,0.0,1.0
657,486.315789473684,506.842105263158,,,68224.0,1.0,0.0,0.0,0.0,0.0,0.0,1.0,1.0,0.0,0.0,1.0,0.0,1.0
658,505.483870967742,537.58064516129,480.181818181818,528.727272727273,68224.0,1.0,0.0,0.0,0.0,0.0,0.0,1.0,0.0,1.0,0.0,1.0,0.0,1.0
659,510.47619047619,525.555555555556,468.0,494.5,68224.0,0.0,1.0,0.0,0.0,0.0,0.0,1.0,0.0,1.0,0.0,1.0,0.0,1.0
660,462.857142857143,500.0,464.285714285714,513.333333333333,68224.0,1.0,0.0,0.0,0.0,0.0,0.0,1.0,1.0,0.0,0.0,1.0,0.0,1.0
661,500.0,549.4,470.434782608696,520.434782608696,68224.0,1.0,0.0,0.0,0.0,0.0,0.0,1.0,0.0,1.0,0.0,1.0,0.0,1.0
662,535.0,539.666666666667,504.067796610169,497.796610169492,68224.0,0.0,1.0,0.0,0.0,0.0,0.0,1.0,0.0,1.0,0.0,1.0,0.0,1.0
663,411.25,445.625,,,56074.0,0.0,1.0,0.0,0.0,1.0,0.0,0.0,1.0,0.0,0.0,1.0,0.0,1.0
664,516.071428571429,521.428571428571,482.58064516129,492.58064516129,52584.0,1.0,0.0,0.0,0.0,0.0,0.0,1.0,0.0,1.0,0.0,1.0,0.0,1.0
665,507.1875,480.9375,474.0625,452.1875,52584.0,0.0,1.0,0.0,0.0,0.0,0.0,1.0,0.0,1.0,0.0,1.0,0.0,1.0
666,441.578947368421,484.736842105263,453.75,475.0,44688.0,1.0,0.0,0.0,0.0,1.0,0.0,0.0,1.0,0.0,0.0,1.0,0.0,1.0
667,507.0,489.5,458.260869565217,463.478260869565,44688.0,0.0,1.0,0.0,0.0,0.0,0.0,1.0,0.0,1.0,0.0,1.0,0.0,1.0
668,379.047619047619,412.380952380952,404.444444444444,404.444444444444,60168.0,1.0,0.0,0.0,0.0,1.0,0.0,0.0,1.0,0.0,1.0,0.0,0.0,1.0
669,394.705882352941,396.470588235294,412.307692307692,383.076923076923,60168.0,0.0,1.0,0.0,0.0,1.0,0.0,0.0,1.0,0.0,1.0,0.0,0.0,1.0
670,476.428571428571,502.5,449.666666666667,468.666666666667,78438.0,1.0,0.0,0.0,0.0,0.0,0.0,1.0,0.0,1.0,0.0,1.0,0.0,1.0
671,471.111111111111,467.777777777778,419.285714285714,438.571428571429,78438.0,0.0,1.0,0.0,0.0,0.0,0.0,1.0,0.0,1.0,0.0,1.0,0.0,1.0
672,407.777777777778,435.740740740741,416.559139784946,421.827956989247,50744.0,1.0,0.0,0.0,0.0,1.0,0.0,0.0,1.0,0.0,1.0,0.0,0.0,1.0
673,440.967741935484,468.225806451613,402.25,410.25,50744.0,1.0,0.0,0.0,0.0,1.0,0.0,0.0,1.0,0.0,0.0,1.0,0.0,1.0
674,397.5,424.166666666667,401.666666666667,402.083333333333,50744.0,1.0,0.0,0.0,0.0,1.0,0.0,0.0,0.0,1.0,1.0,0.0,0.0,1.0
675,438.4,472.0,,,50744.0,1.0,0.0,0.0,0.0,1.0,0.0,0.0,0.0,1.0,0.0,1.0,0.0,1.0
676,413.207547169811,424.528301886792,414.657534246575,408.630136986301,50744.0,0.0,1.0,0.0,0.0,1.0,0.0,0.0,1.0,0.0,1.0,0.0,0.0,1.0
677,447.80487804878,450.0,405.25,387.75,50744.0,0.0,1.0,0.0,0.0,1.0,0.0,0.0,1.0,0.0,0.0,1.0,0.0,1.0
678,422.272727272727,442.272727272727,411.5,400.5,50744.0,0.0,1.0,0.0,0.0,1.0,0.0,0.0,0.0,1.0,1.0,0.0,0.0,1.0
679,442.758620689655,451.034482758621,408.636363636364,416.818181818182,50744.0,0.0,1.0,0.0,0.0,1.0,0.0,0.0,0.0,1.0,0.0,1.0,0.0,1.0
680,489.545454545455,490.0,435.0,463.5,62236.0,1.0,0.0,0.0,0.0,1.0,0.0,0.0,0.0,1.0,0.0,1.0,0.0,1.0
681,471.176470588235,480.588235294118,454.375,483.125,62236.0,1.0,0.0,0.0,0.0,0.0,0.0,1.0,1.0,0.0,0.0,1.0,0.0,1.0
682,527.272727272727,544.242424242424,483.5,486.5,62236.0,1.0,0.0,0.0,0.0,0.0,0.0,1.0,0.0,1.0,0.0,1.0,0.0,1.0
683,490.909090909091,484.545454545455,454.736842105263,465.263157894737,62236.0,0.0,1.0,0.0,0.0,1.0,0.0,0.0,1.0,0.0,0.0,1.0,0.0,1.0
684,452.5,475.0,454.117647058824,450.0,62236.0,0.0,1.0,0.0,0.0,1.0,0.0,0.0,0.0,1.0,0.0,1.0,0.0,1.0
685,519.310344827586,510.0,491.836734693878,497.755102040816,62236.0,0.0,1.0,0.0,0.0,0.0,0.0,1.0,0.0,1.0,0.0,1.0,0.0,1.0
686,474.0,489.0,431.111111111111,435.0,62236.0,1.0,0.0,0.0,0.0,1.0,0.0,0.0,0.0,1.0,0.0,1.0,0.0,1.0
687,493.333333333333,514.222222222222,457.0,493.5,62236.0,1.0,0.0,0.0,0.0,0.0,0.0,1.0,0.0,1.0,0.0,1.0,0.0,1.0
688,514.347826086957,484.782608695652,463.04347826087,458.260869565217,62236.0,0.0,1.0,0.0,0.0,1.0,0.0,0.0,0.0,1.0,0.0,1.0,0.0,1.0
689,483.157894736842,468.947368421053,453.333333333333,439.259259259259,62236.0,0.0,1.0,0.0,0.0,0.0,0.0,1.0,1.0,0.0,0.0,1.0,0.0,1.0
690,500.925925925926,492.592592592593,470.444444444444,466.222222222222,62236.0,0.0,1.0,0.0,0.0,0.0,0.0,1.0,0.0,1.0,0.0,1.0,0.0,1.0
691,528.421052631579,582.105263157895,496.086956521739,552.173913043478,93024.0,1.0,0.0,0.0,0.0,0.0,0.0,1.0,0.0,1.0,0.0,1.0,0.0,1.0
692,533.100775193798,543.798449612403,491.785714285714,525.803571428571,93024.0,1.0,0.0,0.0,0.0,0.0,0.0,1.0,0.0,1.0,0.0,1.0,0.0,1.0
693,510.47619047619,521.428571428571,470.0,443.157894736842,93024.0,0.0,1.0,0.0,0.0,1.0,0.0,0.0,0.0,1.0,0.0,1.0,0.0,1.0
694,505.0,517.222222222222,461.304347826087,469.565217391304,93024.0,0.0,1.0,0.0,0.0,0.0,0.0,1.0,1.0,0.0,0.0,1.0,0.0,1.0
695,539.805825242718,537.087378640777,495.806451612903,492.795698924731,93024.0,0.0,1.0,0.0,0.0,0.0,0.0,1.0,0.0,1.0,0.0,1.0,0.0,1.0
